,Order ID,Amount,Profit,Quantity,Category,Sub-Category,PaymentMode
0,B-25681,843.0,658.0,7.0,Electronics,Electronic Games,COD
1,B-26055,5729.0,64.0,14.0,Furniture,Chairs,EMI
2,B-25955,2927.0,146.0,8.0,Furniture,Bookcases,EMI
3,B-26093,2847.0,712.0,8.0,Electronics,Printers,Credit Card
4,B-25602,2617.0,1151.0,4.0,Electronics,Phones,Credit Card
5,B-25881,2244.0,247.0,4.0,Clothing,Trousers,Credit Card
6,B-25696,275.0,-275.0,4.0,Clothing,Saree,COD
7,B-25687,1525,1525,1525,1525,Saree,UPI
8,B-25643,1525,1525,1525,1525,Hankerchief,UPI
9,B-25851,1525,1525,1525,1525,Kurti,COD
10,B-25703,1525,1525,1525,1525,Hankerchief,COD
11,B-25887,1525,1525,1525,1525,Printers,EMI
12,B-25923,1525,1525,1525,1525,Phones,Credit Card
13,B-25756,1525,1525,1525,1525,Bookcases,UPI
14,B-25761,1525,1525,1525,1525,Bookcases,Credit Card
15,B-25655,1525,1525,1525,1525,Hankerchief,UPI
16,B-25786,1525,1525,1525,1525,Bookcases,Credit Card
17,B-26095,1525,1525,1525,1525,Kurti,UPI
18,B-25853,1525,1525,1525,1525,Chairs,Credit Card
19,B-25735,1525,1525,1525,1525,Skirt,UPI
20,B-25910,1525,1525,1525,1525,Tables,Credit Card
21,B-25950,1525,1525,1525,1525,Printers,Credit Card
22,B-25744,1525,1525,1525,1525,Printers,UPI
23,B-25845,1525,1525,1525,1525,1525,COD
24,B-26001,1525,1525,1525,1525,1525,UPI
25,B-25830,1525,1525,1525,1525,1525,Credit Card
26,B-25842,1525,1525,1525,1525,1525,Credit Card
27,B-25778,1525,1525,1525,1525,Printers,Credit Card
28,B-25686,1525,1525,1525,1525,Tables,Credit Card
29,B-25754,1525,1525,1525,1525,Skirt,UPI
30,B-26048,1525,1525,1525,1525,Tables,EMI
31,B-25816,1525,1525,1525,1525,Stole,COD
32,B-26022,1525,1525,1525,1525,Phones,Credit Card
33,B-25883,1525,1525,1525,1525,Hankerchief,UPI
34,B-26003,1525,1525,1525,1525,Tables,Credit Card
35,B-26097,1525,1525,1525,1525,Printers,UPI
36,B-25710,1525,1525,1525,1525,Leggings,UPI
37,B-25797,1525,1525,1525,1525,Tables,EMI
38,B-25618,1525,1525,1525,1525,Hankerchief,UPI
39,B-25723,1525,1525,1525,1525,Leggings,UPI
40,B-25755,1525,1525,1525,1525,Trousers,Credit Card
41,B-25788,1525,1525,1525,1525,Stole,UPI
42,B-25681,1525,1525,1525,1525,Phones,EMI
43,B-25991,1525,1525,1525,1525,Hankerchief,UPI
44,B-25779,1525,1525,1525,1525,Tables,COD
45,B-25909,1525,1525,1525,1525,Phones,EMI
46,B-25943,1525,1525,1525,1525,Accessories,EMI
47,B-25935,1525,1525,1525,1525,Chairs,Credit Card
48,B-25613,1525,1525,1525,1525,Saree,Credit Card
49,B-25729,1525,1525,1525,1525,Phones,Credit Card
50,B-25772,1525,1525,1525,1525,Printers,EMI
51,B-25681,1525,1525,1525,1525,Electronic Games,COD
52,B-26055,1525,1525,1525,1525,Chairs,EMI
53,B-25955,1525,1525,1525,1525,Bookcases,EMI
54,B-26093,1525,1525,1525,1525,Printers,Credit Card
55,B-25602,1525,1525,1525,1525,Phones,Credit Card
56,B-25881,1525,1525,1525,1525,Trousers,Credit Card
57,B-25696,1525,1525,1525,1525,Saree,COD
64,B-25995,1525,1525,1525,1525,Bookcases,Credit Card
65,B-25965,1525,1525,1525,1525,Hankerchief,Debit Card
66,B-25967,1525,1525,1525,1525,Skirt,Debit Card
67,B-25674,1525,1525,1525,1525,Skirt,Debit Card
68,B-25929,1525,1525,1525,1525,Bookcases,Credit Card
69,B-25777,1525,1525,1525,1525,Printers,Credit Card
70,B-26006,1525,1525,1525,1525,Accessories,Credit Card
71,B-25697,1525,1525,1525,1525,Printers,Credit Card
72,B-25667,1525,1525,1525,1525,Hankerchief,COD
73,B-25836,1525,1525,1525,1525,Printers,EMI
74,B-25984,1525,1525,1525,1525,Stole,UPI
75,B-25728,1525,1525,1525,1525,Printers,EMI
76,B-25757,1525,1525,1525,1525,Skirt,Debit Card
77,B-25957,1525,1525,1525,1525,Stole,COD
78,B-26061,1525,1525,1525,1525,Printers,COD
79,B-25735,1525,1525,1525,1525,Hankerchief,COD
80,B-25616,1525,1525,1525,1525,Hankerchief,UPI
81,B-25666,1525,1525,1525,1525,Electronic Games,COD
82,B-25675,1525,1525,1525,1525,Saree,COD
83,B-26079,1525,1525,1525,1525,Hankerchief,Debit Card
84,B-25850,1525,1525,1525,1525,Phones,COD
85,B-25693,1525,1525,1525,1525,Hankerchief,COD
86,B-25852,1525,1525,1525,1525,Tables,COD
87,B-25860,1525,1525,1525,1525,Kurti,COD
88,B-25853,1525,1525,1525,1525,Skirt,UPI
89,B-25898,1525,1525,1525,1525,Tables,COD
90,B-26100,1525,1525,1525,1525,Chairs,COD
91,B-25653,1525,1525,1525,1525,Printers,EMI
92,B-25839,1525,1525,1525,1525,Saree,EMI
93,B-25651,1525,1525,1525,1525,Chairs,COD
94,B-25957,1525,1525,1525,1525,Bookcases,Credit Card
95,B-25704,1525,1525,1525,1525,Accessories,UPI
96,B-25730,1525,1525,1525,1525,Phones,Credit Card
97,B-26052,1525,1525,1525,1525,Accessories,COD
98,B-25656,1525,1525,1525,1525,Hankerchief,COD
99,B-26033,1525,1525,1525,1525,Accessories,COD
100,B-25850,1525,1525,1525,1525,Hankerchief,COD
101,B-25945,765.0,-36.0,3.0,Electronics,Electronic Games,COD
102,B-26086,762.0,101.0,6.0,Electronics,Printers,COD
103,B-25752,761.0,266.0,9.0,Electronics,Electronic Games,COD
104,B-25728,1055.0,264.0,4.0,Electronics,Printers,EMI
105,B-25757,17.0,-13.0,4.0,Clothing,Skirt,Debit Card
106,B-25957,147.0,73.0,3.0,Clothing,Stole,COD
107,B-26061,965.0,-68.0,3.0,Electronics,Printers,COD
108,B-25735,12.0,-2.0,3.0,Clothing,Hankerchief,COD
109,B-25616,14.0,-2.0,3.0,Clothing,Hankerchief,UPI
110,B-25666,934.0,-916.0,7.0,Electronics,Electronic Games,COD
111,B-25675,929.0,-93.0,9.0,Clothing,Saree,COD
112,B-26079,18.0,3.0,2.0,Clothing,Hankerchief,Debit Card
113,B-25850,916.0,192.0,11.0,Electronics,Phones,COD
114,B-25693,76.0,-72.0,9.0,Clothing,Hankerchief,COD
115,B-25852,869.0,67.0,4.0,Furniture,Tables,COD
116,B-25860,112.0,24.0,3.0,Clothing,Kurti,COD
117,B-25853,39.0,16.0,6.0,Clothing,Skirt,UPI
118,B-25878,741.0,267.0,5.0,Furniture,Bookcases,COD
119,B-25752,735.0,-235.0,6.0,Electronics,Printers,COD
120,B-25750,19.0,-1.0,1.0,Clothing,Shirt,Debit Card
121,B-25657,1021.0,-48.0,4.0,Electronics,Electronic Games,EMI
122,B-25787,556.0,-209.0,7.0,Clothing,Saree,COD
123,B-25808,63.0,-17.0,6.0,Clothing,Leggings,COD
124,B-25885,734.0,248.0,2.0,Furniture,Chairs,COD
125,B-25778,933.0,166.0,5.0,Clothing,Saree,Credit Card
126,B-25759,20.0,-9.0,6.0,Clothing,Hankerchief,Debit Card
127,B-25747,877.0,395.0,2.0,Furniture,Bookcases,Credit Card
128,B-25878,719.0,303.0,6.0,Furniture,Chairs,COD
129,B-25603,12.0,1.0,2.0,Clothing,Hankerchief,COD
130,B-25691,714.0,56.0,4.0,Clothing,Saree,COD
131,B-25607,50.0,-15.0,4.0,Clothing,Leggings,COD
132,B-25708,709.0,-100.0,5.0,Electronics,Phones,COD
133,B-26021,21.0,-12.0,3.0,Clothing,Hankerchief,Debit Card
134,B-25831,693.0,254.0,6.0,Clothing,Saree,COD
135,B-25850,24.0,1.0,4.0,Clothing,Hankerchief,COD
136,B-25670,24.0,1.0,2.0,Clothing,Hankerchief,UPI
137,B-25852,24.0,1.0,2.0,Clothing,Hankerchief,COD
138,B-26029,21.0,10.0,1.0,Clothing,T-shirt,Debit Card
139,B-25959,681.0,259.0,4.0,Furniture,Chairs,COD
140,B-25676,674.0,-187.0,2.0,Furniture,Tables,COD
141,B-26097,671.0,-309.0,5.0,Electronics,Electronic Games,COD
142,B-25888,646.0,-213.0,3.0,Electronics,Electronic Games,COD
143,B-25911,40.0,15.0,1.0,Clothing,Kurti,COD
144,B-25662,24.0,-2.0,2.0,Clothing,T-shirt,COD
145,B-25950,644.0,167.0,2.0,Electronics,Printers,COD
146,B-25847,643.0,225.0,2.0,Electronics,Printers,COD
147,B-25796,632.0,-316.0,6.0,Clothing,Saree,COD
148,B-25693,632.0,316.0,6.0,Clothing,Saree,COD
149,B-25993,610.0,208.0,3.0,Electronics,Printers,COD
150,B-26052,78.0,-28.0,6.0,Clothing,Kurti,UPI
151,B-25930,595.0,119.0,4.0,Furniture,Bookcases,COD
152,B-25785,595.0,292.0,3.0,Clothing,Saree,COD
153,B-26093,852.0,51.0,5.0,Furniture,Bookcases,Credit Card
154,B-26053,594.0,89.0,3.0,Furniture,Bookcases,COD
155,B-26019,585.0,175.0,13.0,Clothing,T-shirt,COD
156,B-26070,582.0,262.0,5.0,Furniture,Furnishings,COD
157,B-25870,845.0,84.0,7.0,Clothing,Saree,Credit Card
158,B-25855,829.0,19.0,4.0,Electronics,Printers,Credit Card
159,B-25602,561.0,212.0,3.0,Clothing,Saree,COD
160,B-25728,771.0,-424.0,2.0,Electronics,Phones,Credit Card
161,B-25803,765.0,8.0,6.0,Clothing,Saree,EMI
162,B-25996,31.0,2.0,2.0,Clothing,Hankerchief,COD
163,B-26078,557.0,-111.0,2.0,Electronics,Electronic Games,COD
164,B-25803,757.0,371.0,2.0,Electronics,Printers,Credit Card
165,B-25682,545.0,-73.0,11.0,Electronics,Phones,COD
166,B-25749,1052.0,-82.0,3.0,Furniture,Bookcases,UPI
167,B-25962,544.0,-152.0,3.0,Furniture,Bookcases,COD
168,B-25899,22.0,9.0,2.0,Clothing,Leggings,Debit Card
169,B-25845,757.0,371.0,2.0,Electronics,Printers,Credit Card
170,B-25951,742.0,198.0,2.0,Furniture,Bookcases,Credit Card
171,B-25828,537.0,107.0,3.0,Clothing,Saree,COD
172,B-25803,536.0,91.0,1.0,Clothing,Trousers,COD
173,B-25656,6.0,3.0,1.0,Clothing,Hankerchief,COD
174,B-25681,523.0,204.0,7.0,Clothing,Trousers,COD
175,B-25658,27.0,9.0,2.0,Clothing,T-shirt,UPI
176,B-25698,516.0,392.0,8.0,Furniture,Chairs,COD
177,B-25832,504.0,116.0,3.0,Furniture,Bookcases,COD
178,B-25886,502.0,84.0,4.0,Electronics,Phones,COD
179,B-25897,734.0,213.0,6.0,Electronics,Electronic Games,Credit Card
180,B-25873,42.0,12.0,2.0,Clothing,Kurti,COD
181,B-25858,29.0,11.0,4.0,Clothing,Skirt,COD
182,B-25867,240.0,12.0,6.0,Clothing,Kurti,UPI
183,B-25633,496.0,-79.0,2.0,Clothing,Trousers,COD
184,B-25609,485.0,29.0,4.0,Electronics,Electronic Games,COD
185,B-25896,31.0,-11.0,3.0,Clothing,Skirt,UPI
186,B-26000,676.0,151.0,3.0,Electronics,Printers,Credit Card
187,B-25959,23.0,8.0,2.0,Clothing,Hankerchief,Debit Card
188,B-25940,13.0,3.0,2.0,Clothing,Hankerchief,COD
189,B-26087,180.0,0.0,8.0,Clothing,Stole,COD
190,B-26055,671.0,114.0,9.0,Electronics,Phones,Credit Card
191,B-25980,22.0,11.0,3.0,Clothing,Kurti,COD
192,B-25653,668.0,-31.0,3.0,Electronics,Printers,Credit Card
193,B-26052,145.0,0.0,3.0,Clothing,Saree,UPI
194,B-25877,24.0,8.0,2.0,Clothing,Skirt,Debit Card
195,B-25608,476.0,0.0,3.0,Furniture,Chairs,COD
196,B-25897,24.0,11.0,5.0,Clothing,Hankerchief,Debit Card
197,B-25881,37.0,3.0,3.0,Clothing,Hankerchief,COD
198,B-25905,152.0,50.0,6.0,Clothing,Stole,UPI
199,B-25818,32.0,11.0,2.0,Clothing,Leggings,UPI
200,B-25835,52.0,11.0,5.0,Clothing,Leggings,COD
201,B-26081,24.0,11.0,3.0,Clothing,Hankerchief,Debit Card
202,B-25730,473.0,42.0,4.0,Furniture,Chairs,COD
203,B-25837,263.0,50.0,5.0,Clothing,Stole,COD
204,B-25893,61.0,11.0,3.0,Clothing,Kurti,COD
205,B-25689,469.0,-459.0,3.0,Electronics,Electronic Games,COD
206,B-26028,1272.0,547.0,2.0,Electronics,Phones,COD
207,B-26081,169.0,0.0,3.0,Electronics,Accessories,COD
208,B-25903,25.0,11.0,3.0,Clothing,Leggings,Debit Card
209,B-25651,457.0,-41.0,4.0,Clothing,Saree,COD
210,B-25903,455.0,77.0,8.0,Electronics,Accessories,COD
211,B-26086,25.0,2.0,2.0,Clothing,Hankerchief,Debit Card
212,B-25654,450.0,-90.0,3.0,Electronics,Printers,COD
213,B-25720,30.0,-35.0,1.0,Furniture,Chairs,COD
214,B-26057,659.0,-37.0,2.0,Furniture,Bookcases,Credit Card
215,B-25798,448.0,148.0,2.0,Electronics,Printers,COD
216,B-25961,446.0,53.0,3.0,Electronics,Printers,COD
217,B-25701,98.0,-45.0,2.0,Furniture,Chairs,UPI
218,B-26055,443.0,11.0,1.0,Clothing,Saree,COD
219,B-25653,427.0,-50.0,7.0,Electronics,Phones,COD
220,B-25670,656.0,-36.0,2.0,Furniture,Bookcases,Credit Card
221,B-26056,424.0,161.0,2.0,Clothing,Saree,COD
222,B-26061,27.0,8.0,2.0,Clothing,T-shirt,Debit Card
223,B-25602,424.0,-272.0,5.0,Electronics,Phones,COD
224,B-26016,202.0,4.0,4.0,Clothing,Hankerchief,COD
225,B-25873,1275.0,357.0,2.0,Electronics,Phones,UPI
226,B-25761,418.0,70.0,7.0,Electronics,Phones,COD
227,B-25819,417.0,49.0,3.0,Electronics,Electronic Games,COD
228,B-25853,199.0,48.0,4.0,Clothing,Stole,UPI
229,B-25662,385.0,-77.0,11.0,Furniture,Furnishings,UPI
230,B-25993,414.0,199.0,3.0,Electronics,Phones,COD
231,B-25703,97.0,-45.0,4.0,Clothing,Saree,COD
232,B-25848,648.0,50.0,6.0,Electronics,Electronic Games,Credit Card
233,B-25678,27.0,-25.0,2.0,Clothing,Shirt,Debit Card
234,B-25925,27.0,12.0,1.0,Clothing,Stole,Debit Card
235,B-25977,27.0,1.0,1.0,Clothing,Stole,UPI
236,B-25797,413.0,-314.0,9.0,Furniture,Chairs,COD
237,B-26067,53.0,2.0,4.0,Clothing,Hankerchief,COD
238,B-25810,29.0,8.0,5.0,Clothing,Hankerchief,UPI
239,B-25648,30.0,13.0,1.0,Clothing,T-shirt,UPI
240,B-25933,412.0,412.0,6.0,Clothing,Saree,COD
241,B-25942,646.0,-23.0,2.0,Electronics,Printers,Credit Card
242,B-25656,30.0,-5.0,5.0,Clothing,Stole,UPI
243,B-26067,618.0,27.0,4.0,Furniture,Bookcases,Credit Card
244,B-25673,143.0,-124.0,5.0,Clothing,Saree,UPI
245,B-25797,31.0,1.0,2.0,Clothing,Hankerchief,UPI
246,B-26098,409.0,86.0,3.0,Clothing,Saree,COD
247,B-25656,406.0,126.0,2.0,Clothing,Saree,COD
248,B-25791,565.0,66.0,7.0,Clothing,Saree,Credit Card
249,B-26053,85.0,2.0,6.0,Clothing,Stole,COD
250,B-25983,561.0,118.0,5.0,Furniture,Bookcases,Credit Card
251,B-25743,503.0,-56.0,2.0,Clothing,Trousers,COD
252,B-25867,31.0,14.0,3.0,Clothing,Stole,UPI
253,B-25973,398.0,111.0,8.0,Clothing,Hankerchief,COD
254,B-25895,388.0,93.0,2.0,Furniture,Bookcases,COD
255,B-26003,498.0,-116.0,4.0,Clothing,Saree,UPI
256,B-25717,561.0,212.0,3.0,Clothing,Saree,Credit Card
257,B-26064,61.0,3.0,4.0,Clothing,Hankerchief,COD
258,B-25630,34.0,-22.0,4.0,Clothing,T-shirt,COD
259,B-26050,32.0,6.0,3.0,Clothing,Shirt,UPI
260,B-25786,623.0,-192.0,3.0,Furniture,Tables,UPI
261,B-26035,520.0,151.0,3.0,Electronics,Phones,Credit Card
262,B-25693,32.0,-16.0,6.0,Clothing,Saree,UPI
263,B-25703,32.0,-5.0,5.0,Clothing,Hankerchief,UPI
264,B-25966,510.0,234.0,6.0,Electronics,Electronic Games,EMI
265,B-26060,382.0,68.0,3.0,Clothing,Saree,COD
266,B-25898,33.0,13.0,3.0,Clothing,Leggings,UPI
267,B-25686,381.0,-13.0,2.0,Clothing,Saree,COD
268,B-26051,490.0,88.0,2.0,Electronics,Accessories,EMI
269,B-25854,381.0,144.0,2.0,Clothing,Saree,COD
270,B-26050,487.0,143.0,4.0,Electronics,Phones,EMI
271,B-25961,366.0,84.0,3.0,Furniture,Bookcases,COD
272,B-25701,33.0,-29.0,3.0,Clothing,Shirt,UPI
273,B-25970,365.0,107.0,3.0,Electronics,Phones,COD
274,B-25933,207.0,-100.0,2.0,Clothing,Saree,UPI
275,B-26081,359.0,-338.0,5.0,Furniture,Bookcases,COD
276,B-25650,351.0,-47.0,8.0,Electronics,Phones,COD
277,B-25850,485.0,199.0,4.0,Clothing,Saree,EMI
278,B-25643,37.0,-23.0,4.0,Clothing,Shirt,UPI
279,B-26100,34.0,10.0,2.0,Clothing,T-shirt,Debit Card
280,B-25964,346.0,108.0,3.0,Furniture,Chairs,COD
281,B-25676,342.0,-103.0,4.0,Electronics,Electronic Games,COD
282,B-25628,35.0,-8.0,2.0,Furniture,Furnishings,Debit Card
283,B-25891,121.0,41.0,4.0,Clothing,Stole,UPI
284,B-25903,336.0,57.0,2.0,Electronics,Phones,COD
285,B-25851,336.0,71.0,3.0,Furniture,Bookcases,COD
286,B-26089,27.0,4.0,1.0,Clothing,Hankerchief,COD
287,B-25996,333.0,50.0,2.0,Electronics,Phones,COD
288,B-25881,36.0,7.0,3.0,Clothing,Leggings,Debit Card
289,B-25621,333.0,-15.0,3.0,Electronics,Phones,COD
290,B-25727,327.0,114.0,4.0,Clothing,Trousers,COD
291,B-25843,18.0,6.0,3.0,Clothing,Hankerchief,UPI
292,B-26050,325.0,32.0,7.0,Clothing,T-shirt,COD
293,B-25741,482.0,-6.0,7.0,Electronics,Electronic Games,EMI
294,B-25756,465.0,-33.0,4.0,Electronics,Phones,EMI
295,B-25787,40.0,-12.0,3.0,Clothing,Shirt,COD
296,B-25603,107.0,36.0,6.0,Clothing,Stole,COD
297,B-25655,312.0,-312.0,7.0,Furniture,Chairs,COD
298,B-26096,451.0,25.0,3.0,Electronics,Phones,EMI
299,B-25962,312.0,62.0,1.0,Electronics,Electronic Games,COD
300,B-26007,311.0,72.0,2.0,Furniture,Bookcases,COD
301,B-26088,11.0,5.0,2.0,Clothing,Hankerchief,UPI
302,B-25673,37.0,-5.0,3.0,Clothing,T-shirt,Debit Card
303,B-25664,444.0,-200.0,4.0,Electronics,Phones,EMI
304,B-25642,434.0,26.0,11.0,Clothing,Shirt,Credit Card
305,B-25987,299.0,0.0,6.0,Clothing,Stole,COD
306,B-25903,37.0,17.0,3.0,Clothing,Hankerchief,Debit Card
307,B-25770,299.0,113.0,2.0,Furniture,Bookcases,COD
308,B-25840,298.0,74.0,2.0,Furniture,Bookcases,COD
309,B-25846,94.0,7.0,7.0,Clothing,Leggings,UPI
310,B-25745,296.0,225.0,11.0,Clothing,Saree,COD
311,B-26073,37.0,17.0,3.0,Clothing,Hankerchief,Debit Card
312,B-26030,291.0,93.0,2.0,Electronics,Printers,COD
313,B-25678,327.0,-39.0,1.0,Electronics,Phones,COD
314,B-26035,291.0,119.0,11.0,Clothing,Saree,COD
315,B-25896,287.0,-66.0,6.0,Clothing,Kurti,COD
316,B-25989,42.0,15.0,1.0,Electronics,Accessories,UPI
317,B-26016,429.0,61.0,3.0,Electronics,Electronic Games,Credit Card
318,B-26009,285.0,128.0,2.0,Electronics,Printers,COD
319,B-25915,277.0,3.0,1.0,Electronics,Electronic Games,COD
320,B-25845,274.0,-7.0,4.0,Electronics,Phones,COD
321,B-25645,273.0,-87.0,4.0,Electronics,Phones,COD
322,B-25803,269.0,91.0,1.0,Electronics,Electronic Games,COD
323,B-26030,11.0,5.0,1.0,Clothing,Skirt,COD
324,B-25955,39.0,2.0,2.0,Clothing,Saree,Debit Card
325,B-26096,264.0,-26.0,3.0,Clothing,Trousers,COD
326,B-25635,40.0,16.0,3.0,Clothing,Hankerchief,Debit Card
327,B-26038,41.0,19.0,2.0,Clothing,T-shirt,Debit Card
328,B-25791,253.0,-63.0,2.0,Clothing,Saree,UPI
329,B-26014,406.0,97.0,7.0,Furniture,Chairs,Credit Card
330,B-25751,32.0,7.0,3.0,Clothing,Hankerchief,COD
331,B-25962,260.0,68.0,2.0,Electronics,Printers,COD
332,B-26025,41.0,19.0,5.0,Clothing,Hankerchief,Debit Card
333,B-26048,401.0,13.0,6.0,Furniture,Chairs,Credit Card
334,B-25635,382.0,30.0,3.0,Clothing,Saree,Credit Card
335,B-25981,867.0,251.0,5.0,Electronics,Phones,COD
336,B-25610,43.0,0.0,3.0,Clothing,Saree,Debit Card
337,B-25733,43.0,-43.0,7.0,Clothing,Stole,Debit Card
338,B-25977,74.0,29.0,3.0,Clothing,Stole,COD
339,B-25655,44.0,-26.0,3.0,Clothing,Hankerchief,Debit Card
340,B-25612,259.0,-55.0,2.0,Furniture,Chairs,COD
341,B-25608,257.0,23.0,5.0,Clothing,Hankerchief,COD
342,B-25752,76.0,27.0,5.0,Clothing,Stole,COD
343,B-25700,44.0,-32.0,3.0,Clothing,Stole,Debit Card
344,B-25856,257.0,3.0,2.0,Clothing,Saree,COD
345,B-26026,255.0,76.0,9.0,Clothing,Hankerchief,COD
346,B-25861,44.0,14.0,3.0,Clothing,Hankerchief,Debit Card
347,B-25673,45.0,-2.0,4.0,Clothing,Shirt,COD
348,B-25681,44.0,-3.0,1.0,Clothing,Saree,Debit Card
349,B-26051,382.0,119.0,2.0,Clothing,Saree,Credit Card
350,B-25951,250.0,100.0,3.0,Clothing,Trousers,COD
351,B-25799,45.0,-15.0,2.0,Furniture,Chairs,COD
352,B-26053,246.0,61.0,2.0,Furniture,Bookcases,COD
353,B-26030,50.0,25.0,5.0,Clothing,Stole,COD
354,B-26054,246.0,98.0,5.0,Clothing,Hankerchief,COD
355,B-25696,44.0,99.0,3.0,Clothing,Kurti,Debit Card
356,B-25660,245.0,-78.0,3.0,Clothing,Saree,COD
357,B-25858,245.0,30.0,2.0,Clothing,Saree,COD
358,B-26045,376.0,0.0,7.0,Clothing,Stole,Credit Card
359,B-25850,45.0,1.0,3.0,Clothing,T-shirt,Debit Card
360,B-25781,45.0,-28.0,2.0,Clothing,Stole,Debit Card
361,B-25918,244.0,-122.0,5.0,Furniture,Furnishings,COD
362,B-25971,244.0,83.0,2.0,Furniture,Bookcases,COD
363,B-25870,10.0,4.0,1.0,Clothing,Kurti,UPI
364,B-25770,375.0,180.0,3.0,Furniture,Bookcases,Credit Card
365,B-25757,46.0,14.0,5.0,Clothing,Skirt,Debit Card
366,B-25699,49.0,-31.0,2.0,Clothing,Stole,UPI
367,B-25776,47.0,-20.0,2.0,Clothing,Kurti,Debit Card
368,B-25893,355.0,-114.0,7.0,Clothing,Stole,Credit Card
369,B-25985,32.0,8.0,5.0,Clothing,Hankerchief,UPI
370,B-25681,243.0,-14.0,2.0,Furniture,Chairs,COD
371,B-26063,241.0,-77.0,4.0,Electronics,Electronic Games,COD
372,B-26032,47.0,15.0,5.0,Clothing,Saree,Debit Card
373,B-26001,50.0,-10.0,6.0,Clothing,Skirt,Debit Card
374,B-26056,15.0,6.0,2.0,Clothing,Hankerchief,COD
375,B-25850,148.0,24.0,3.0,Clothing,Stole,COD
376,B-25767,299.0,-28.0,3.0,Electronics,Electronic Games,UPI
377,B-25693,68.0,-30.0,1.0,Electronics,Phones,UPI
378,B-25850,52.0,18.0,5.0,Clothing,Leggings,Debit Card
379,B-25796,239.0,-162.0,5.0,Furniture,Chairs,COD
380,B-26053,27.0,6.0,3.0,Clothing,Skirt,COD
381,B-25650,238.0,20.0,2.0,Clothing,Saree,COD
382,B-25961,48.0,16.0,3.0,Clothing,Shirt,COD
383,B-26023,66.0,22.0,3.0,Clothing,Stole,UPI
384,B-25809,53.0,24.0,1.0,Clothing,Hankerchief,Debit Card
385,B-25621,233.0,-10.0,5.0,Electronics,Electronic Games,COD
386,B-25854,53.0,-2.0,3.0,Clothing,Saree,Debit Card
387,B-26057,54.0,8.0,4.0,Clothing,T-shirt,Debit Card
388,B-25688,352.0,-345.0,5.0,Clothing,Saree,Credit Card
389,B-25885,349.0,0.0,7.0,Clothing,Stole,Credit Card
390,B-25753,341.0,-85.0,6.0,Clothing,Trousers,Credit Card
391,B-25981,54.0,12.0,3.0,Clothing,Saree,Debit Card
392,B-26055,57.0,7.0,2.0,Clothing,Shirt,UPI
393,B-25714,340.0,20.0,7.0,Clothing,Shirt,Credit Card
394,B-26055,227.0,48.0,5.0,Clothing,Stole,COD
395,B-25989,330.0,81.0,1.0,Furniture,Bookcases,Credit Card
396,B-25710,216.0,-38.0,6.0,Furniture,Furnishings,UPI
397,B-25773,224.0,-143.0,3.0,Furniture,Chairs,COD
398,B-25661,55.0,-33.0,2.0,Furniture,Chairs,Debit Card
399,B-26021,49.0,21.0,1.0,Clothing,Stole,UPI
400,B-26057,224.0,87.0,3.0,Clothing,Trousers,COD
401,B-25858,223.0,27.0,2.0,Furniture,Bookcases,COD
402,B-25857,324.0,39.0,8.0,Electronics,Accessories,Credit Card
403,B-25656,56.0,18.0,2.0,Clothing,Hankerchief,Debit Card
404,B-25999,223.0,62.0,7.0,Clothing,Shirt,COD
405,B-25856,10.0,2.0,2.0,Clothing,Skirt,COD
406,B-25926,57.0,6.0,5.0,Clothing,Leggings,Debit Card
407,B-25728,322.0,-113.0,4.0,Clothing,Saree,Credit Card
408,B-26076,219.0,4.0,2.0,Clothing,Saree,COD
409,B-25913,103.0,21.0,7.0,Clothing,Stole,UPI
410,B-25703,47.0,-27.0,4.0,Clothing,Saree,COD
411,B-25858,219.0,0.0,1.0,Clothing,Saree,COD
412,B-25727,57.0,-48.0,6.0,Clothing,Leggings,Debit Card
413,B-26020,319.0,102.0,6.0,Electronics,Accessories,Credit Card
414,B-26003,315.0,-8.0,3.0,Furniture,Chairs,Credit Card
415,B-25925,314.0,-41.0,3.0,Electronics,Electronic Games,Credit Card
416,B-26087,311.0,40.0,1.0,Electronics,Electronic Games,EMI
417,B-25810,307.0,74.0,3.0,Electronics,Accessories,EMI
418,B-25858,294.0,109.0,7.0,Electronics,Accessories,EMI
419,B-25861,216.0,-83.0,3.0,Electronics,Electronic Games,COD
420,B-25661,58.0,-42.0,2.0,Furniture,Chairs,Debit Card
421,B-25943,48.0,20.0,4.0,Clothing,Stole,UPI
422,B-25955,54.0,14.0,3.0,Clothing,T-shirt,UPI
423,B-26051,216.0,50.0,4.0,Clothing,Stole,COD
424,B-25999,215.0,-30.0,2.0,Clothing,Saree,COD
425,B-26083,43.0,8.0,3.0,Clothing,Leggings,COD
426,B-25950,136.0,-33.0,5.0,Clothing,Saree,COD
427,B-25625,59.0,-30.0,3.0,Clothing,Leggings,Debit Card
428,B-26055,213.0,4.0,14.0,Clothing,Shirt,COD
429,B-26023,59.0,21.0,2.0,Clothing,Stole,Debit Card
430,B-26010,55.0,3.0,3.0,Clothing,T-shirt,COD
431,B-25955,294.0,62.0,9.0,Clothing,T-shirt,EMI
432,B-25900,210.0,62.0,2.0,Electronics,Phones,COD
433,B-26089,59.0,24.0,6.0,Clothing,Kurti,Debit Card
434,B-25655,396.0,-31.0,9.0,Clothing,Saree,COD
435,B-25979,284.0,45.0,2.0,Furniture,Bookcases,EMI
436,B-26002,276.0,52.0,5.0,Clothing,Saree,EMI
437,B-25635,23.0,2.0,2.0,Clothing,Skirt,UPI
438,B-26084,209.0,-63.0,4.0,Electronics,Electronic Games,COD
439,B-25998,50.0,-28.0,5.0,Furniture,Furnishings,COD
440,B-25872,57.0,27.0,2.0,Clothing,Shirt,COD
441,B-25795,276.0,-21.0,2.0,Electronics,Phones,EMI
442,B-25902,268.0,6.0,2.0,Furniture,Bookcases,UPI
443,B-25650,269.0,111.0,3.0,Clothing,Trousers,EMI
444,B-25957,209.0,2.0,1.0,Clothing,Saree,COD
445,B-25793,60.0,-12.0,4.0,Clothing,Hankerchief,Debit Card
446,B-25654,269.0,-86.0,2.0,Electronics,Electronic Games,EMI
447,B-25750,208.0,-25.0,2.0,Clothing,Saree,COD
448,B-25835,27.0,2.0,2.0,Clothing,Leggings,UPI
449,B-25652,206.0,-206.0,3.0,Clothing,Saree,COD
450,B-26018,61.0,8.0,4.0,Clothing,Hankerchief,Debit Card
451,B-25750,212.0,-24.0,2.0,Furniture,Chairs,COD
452,B-25840,262.0,64.0,6.0,Clothing,Saree,EMI
453,B-25756,204.0,276.0,3.0,Furniture,Bookcases,COD
454,B-25777,59.0,-46.0,7.0,Clothing,T-shirt,UPI
455,B-25750,199.0,-18.0,2.0,Clothing,Saree,COD
456,B-25823,59.0,6.0,1.0,Electronics,Accessories,UPI
457,B-26096,45.0,9.0,3.0,Clothing,Leggings,UPI
458,B-25757,211.0,19.0,8.0,Clothing,Stole,COD
459,B-25698,65.0,-16.0,2.0,Electronics,Phones,Debit Card
460,B-25710,25.0,0.0,4.0,Clothing,Skirt,UPI
461,B-25994,196.0,-7.0,5.0,Electronics,Phones,COD
462,B-25950,261.0,13.0,6.0,Clothing,Shirt,Credit Card
463,B-25653,195.0,-117.0,5.0,Electronics,Phones,COD
464,B-25785,192.0,-146.0,3.0,Clothing,Saree,COD
465,B-25863,189.0,87.0,7.0,Clothing,Stole,COD
466,B-25959,32.0,2.0,2.0,Clothing,Kurti,UPI
467,B-25991,188.0,13.0,7.0,Clothing,Shirt,COD
468,B-25680,73.0,-25.0,3.0,Clothing,Saree,COD
469,B-25910,259.0,47.0,5.0,Clothing,Hankerchief,Credit Card
470,B-25737,187.0,-15.0,3.0,Clothing,Trousers,COD
471,B-25853,26.0,11.0,2.0,Clothing,Hankerchief,UPI
472,B-26097,185.0,-26.0,6.0,Furniture,Chairs,COD
473,B-25875,248.0,8.0,2.0,Clothing,Saree,Credit Card
474,B-26031,67.0,9.0,4.0,Clothing,Leggings,Debit Card
475,B-25773,248.0,-70.0,3.0,Furniture,Chairs,Credit Card
476,B-25840,246.0,61.0,2.0,Furniture,Bookcases,Credit Card
477,B-25908,179.0,-25.0,5.0,Clothing,Kurti,COD
478,B-26041,176.0,-28.0,5.0,Furniture,Furnishings,COD
479,B-26010,176.0,-13.0,5.0,Furniture,Furnishings,COD
480,B-25640,68.0,-62.0,2.0,Clothing,Trousers,Debit Card
481,B-25794,176.0,37.0,6.0,Electronics,Accessories,COD
482,B-25987,88.0,11.0,7.0,Clothing,Hankerchief,UPI
483,B-25615,68.0,20.0,5.0,Clothing,Hankerchief,Debit Card
484,B-25997,231.0,99.0,2.0,Electronics,Electronic Games,Credit Card
485,B-25981,62.0,8.0,2.0,Clothing,T-shirt,UPI
486,B-25791,175.0,77.0,3.0,Clothing,Saree,COD
487,B-25986,71.0,4.0,5.0,Clothing,Leggings,Debit Card
488,B-25652,174.0,-70.0,3.0,Electronics,Accessories,COD
489,B-25952,173.0,69.0,3.0,Furniture,Chairs,COD
490,B-25898,171.0,2.0,2.0,Electronics,Electronic Games,COD
491,B-25785,268.0,-25.0,3.0,Clothing,Saree,COD
492,B-25990,71.0,32.0,3.0,Clothing,Saree,Debit Card
493,B-26091,29.0,10.0,4.0,Clothing,Hankerchief,UPI
494,B-25604,65.0,17.0,2.0,Clothing,T-shirt,UPI
495,B-25754,72.0,-46.0,7.0,Clothing,Kurti,Debit Card
496,B-25724,168.0,-51.0,2.0,Furniture,Bookcases,COD
497,B-25757,165.0,30.0,3.0,Clothing,Stole,COD
498,B-25767,74.0,-59.0,2.0,Electronics,Accessories,Debit Card
499,B-25886,89.0,17.0,2.0,Clothing,Stole,UPI
500,B-25621,228.0,63.0,3.0,Electronics,Electronic Games,Credit Card
501,B-25967,119.0,-24.0,4.0,Furniture,Furnishings,COD
502,B-25691,75.0,-25.0,3.0,Clothing,Stole,UPI
503,B-25953,67.0,20.0,4.0,Clothing,T-shirt,UPI
504,B-25651,7.0,0.0,1.0,Clothing,Leggings,COD
505,B-25828,222.0,35.0,5.0,Clothing,Saree,Credit Card
506,B-25628,219.0,-9.0,4.0,Clothing,Saree,Credit Card
507,B-25703,42.0,-23.0,2.0,Furniture,Furnishings,UPI
508,B-25929,216.0,-135.0,3.0,Furniture,Chairs,Credit Card
509,B-25748,47.0,-21.0,2.0,Electronics,Electronic Games,COD
510,B-25610,68.0,-55.0,5.0,Electronics,Accessories,UPI
511,B-25903,74.0,33.0,2.0,Clothing,Shirt,Debit Card
512,B-25878,165.0,46.0,3.0,Furniture,Furnishings,COD
513,B-26056,101.0,11.0,2.0,Clothing,Hankerchief,UPI
514,B-26004,162.0,73.0,2.0,Electronics,Electronic Games,COD
515,B-25699,20.0,-22.0,1.0,Furniture,Furnishings,UPI
516,B-26053,162.0,55.0,3.0,Clothing,Stole,COD
517,B-25654,229.0,-23.0,2.0,Clothing,Saree,UPI
518,B-25954,27.0,0.0,2.0,Clothing,Leggings,COD
519,B-25910,685.0,7.0,7.0,Clothing,Trousers,UPI
520,B-26064,75.0,2.0,5.0,Clothing,Leggings,Debit Card
521,B-25983,161.0,-229.0,8.0,Furniture,Furnishings,COD
522,B-26002,71.0,19.0,3.0,Clothing,T-shirt,COD
523,B-25650,211.0,-105.0,2.0,Clothing,Saree,Credit Card
524,B-26043,79.0,5.0,6.0,Clothing,Hankerchief,Debit Card
525,B-25657,32.0,-22.0,5.0,Clothing,Saree,UPI
526,B-25838,161.0,40.0,3.0,Clothing,Stole,COD
527,B-25651,159.0,4.0,1.0,Clothing,Saree,COD
528,B-25808,210.0,-50.0,4.0,Clothing,Hankerchief,Credit Card
529,B-25973,79.0,39.0,2.0,Clothing,Shirt,Debit Card
530,B-25698,207.0,153.0,3.0,Clothing,Saree,Credit Card
531,B-25818,36.0,0.0,4.0,Clothing,Kurti,COD
532,B-26061,206.0,12.0,1.0,Electronics,Printers,Credit Card
533,B-25878,46.0,0.0,4.0,Clothing,Leggings,COD
534,B-26054,156.0,23.0,3.0,Clothing,Stole,COD
535,B-25809,154.0,54.0,3.0,Clothing,Hankerchief,COD
536,B-26042,36.0,15.0,3.0,Clothing,Stole,UPI
537,B-26008,206.0,51.0,4.0,Clothing,Hankerchief,Credit Card
538,B-25927,200.0,7.0,4.0,Electronics,Electronic Games,Credit Card
539,B-26008,199.0,-1.0,1.0,Clothing,Saree,Credit Card
540,B-25753,154.0,22.0,7.0,Clothing,T-shirt,COD
541,B-25948,152.0,23.0,3.0,Furniture,Furnishings,COD
542,B-26094,152.0,50.0,6.0,Clothing,Stole,COD
543,B-25654,122.0,-21.0,3.0,Furniture,Furnishings,UPI
544,B-25854,149.0,48.0,6.0,Clothing,Stole,COD
545,B-25623,149.0,-87.0,4.0,Clothing,Saree,COD
546,B-25985,197.0,20.0,4.0,Clothing,Kurti,Credit Card
547,B-25723,76.0,-54.0,3.0,Electronics,Electronic Games,COD
548,B-25751,221.0,-15.0,2.0,Electronics,Electronic Games,COD
549,B-26050,79.0,32.0,3.0,Clothing,Saree,Debit Card
550,B-25800,45.0,12.0,7.0,Clothing,Hankerchief,UPI
551,B-25673,149.0,-1.0,1.0,Clothing,Saree,COD
552,B-26002,80.0,22.0,3.0,Clothing,Stole,Debit Card
553,B-26009,195.0,12.0,9.0,Clothing,Shirt,Credit Card
554,B-25754,19.0,0.0,3.0,Clothing,Skirt,UPI
555,B-25953,81.0,41.0,3.0,Clothing,Stole,Debit Card
556,B-26039,83.0,34.0,5.0,Clothing,Shirt,Debit Card
557,B-26001,149.0,17.0,4.0,Furniture,Furnishings,COD
558,B-25620,193.0,46.0,1.0,Electronics,Printers,Credit Card
559,B-26051,85.0,24.0,10.0,Clothing,Hankerchief,Debit Card
560,B-25673,44.0,-17.0,5.0,Clothing,Saree,UPI
561,B-25721,149.0,-40.0,2.0,Electronics,Phones,COD
562,B-25764,26.0,0.0,2.0,Clothing,Kurti,COD
563,B-25645,86.0,0.0,4.0,Clothing,T-shirt,Debit Card
564,B-26066,86.0,22.0,2.0,Clothing,Saree,Debit Card
565,B-26003,79.0,16.0,3.0,Clothing,T-shirt,COD
566,B-25712,193.0,-275.0,3.0,Electronics,Phones,Credit Card
567,B-25796,148.0,0.0,3.0,Clothing,Saree,COD
568,B-25738,70.0,-14.0,2.0,Furniture,Furnishings,UPI
569,B-25771,148.0,59.0,3.0,Clothing,Hankerchief,COD
570,B-25950,190.0,19.0,9.0,Furniture,Furnishings,Credit Card
571,B-26038,52.0,14.0,2.0,Clothing,Stole,COD
572,B-26004,147.0,44.0,3.0,Clothing,Saree,COD
573,B-25896,190.0,68.0,8.0,Clothing,T-shirt,Credit Card
574,B-25601,80.0,-56.0,4.0,Electronics,Electronic Games,UPI
575,B-25952,147.0,48.0,3.0,Clothing,Saree,COD
576,B-25873,66.0,12.0,3.0,Clothing,Stole,COD
577,B-25844,86.0,8.0,2.0,Clothing,Saree,Debit Card
578,B-26054,88.0,19.0,2.0,Clothing,Shirt,Debit Card
579,B-25953,188.0,-193.0,2.0,Electronics,Electronic Games,Credit Card
580,B-25951,89.0,29.0,2.0,Clothing,Stole,UPI
581,B-26065,146.0,19.0,5.0,Clothing,Stole,COD
582,B-26033,143.0,32.0,1.0,Furniture,Bookcases,COD
583,B-25781,25.0,-1.0,4.0,Clothing,Kurti,COD
584,B-26043,30.0,12.0,3.0,Clothing,Skirt,UPI
585,B-25787,140.0,-58.0,4.0,Furniture,Furnishings,COD
586,B-25664,83.0,-48.0,1.0,Furniture,Bookcases,UPI
587,B-25825,140.0,6.0,5.0,Clothing,Saree,COD
588,B-25818,28.0,14.0,4.0,Clothing,Hankerchief,COD
589,B-25765,139.0,14.0,3.0,Clothing,Stole,COD
590,B-25853,30.0,14.0,3.0,Clothing,Hankerchief,UPI
591,B-26030,89.0,36.0,3.0,Clothing,Shirt,UPI
592,B-25730,187.0,30.0,4.0,Electronics,Accessories,Credit Card
593,B-26054,139.0,21.0,3.0,Electronics,Accessories,COD
594,B-25773,437.0,-14.0,2.0,Clothing,Saree,UPI
595,B-25717,138.0,-3.0,5.0,Clothing,Saree,COD
596,B-26010,85.0,13.0,2.0,Clothing,Shirt,UPI
597,B-25893,83.0,12.0,3.0,Clothing,Stole,UPI
598,B-26076,91.0,22.0,2.0,Clothing,Stole,UPI
599,B-25803,137.0,5.0,5.0,Clothing,Shirt,COD
600,B-25709,33.0,-12.0,7.0,Clothing,Saree,UPI
601,B-25755,134.0,-34.0,2.0,Furniture,Chairs,COD
602,B-25684,134.0,42.0,2.0,Furniture,Chairs,COD
603,B-25739,133.0,-56.0,2.0,Furniture,Chairs,COD
604,B-26081,93.0,-84.0,3.0,Clothing,Saree,UPI
605,B-25662,86.0,-21.0,1.0,Electronics,Electronic Games,UPI
606,B-25845,132.0,54.0,5.0,Clothing,Stole,COD
607,B-26085,132.0,-10.0,3.0,Clothing,Saree,COD
608,B-25745,132.0,-79.0,5.0,Furniture,Furnishings,COD
609,B-25999,93.0,-65.0,4.0,Clothing,Stole,UPI
610,B-26082,95.0,5.0,2.0,Clothing,Stole,UPI
611,B-26097,97.0,12.0,2.0,Clothing,Hankerchief,UPI
612,B-25731,131.0,-154.0,8.0,Furniture,Furnishings,COD
613,B-25625,97.0,29.0,2.0,Clothing,Hankerchief,UPI
614,B-25853,128.0,4.0,3.0,Clothing,Saree,COD
615,B-25703,186.0,241.0,9.0,Clothing,Shirt,Credit Card
616,B-26003,128.0,47.0,4.0,Clothing,Hankerchief,COD
617,B-25803,185.0,48.0,4.0,Clothing,Stole,Credit Card
618,B-25719,29.0,10.0,2.0,Clothing,Stole,COD
619,B-25883,127.0,29.0,3.0,Furniture,Furnishings,COD
620,B-25891,97.0,36.0,7.0,Clothing,Hankerchief,UPI
621,B-25821,125.0,0.0,3.0,Electronics,Accessories,COD
622,B-25646,299.0,-8.0,2.0,Clothing,Saree,COD
623,B-25874,124.0,54.0,5.0,Clothing,T-shirt,COD
624,B-25717,90.0,17.0,3.0,Clothing,Shirt,COD
625,B-26073,122.0,11.0,4.0,Clothing,Hankerchief,COD
626,B-25800,122.0,-66.0,9.0,Electronics,Accessories,COD
627,B-25991,90.0,30.0,2.0,Furniture,Chairs,UPI
628,B-25638,182.0,-11.0,3.0,Furniture,Bookcases,Credit Card
629,B-26021,122.0,59.0,7.0,Furniture,Furnishings,COD
630,B-25882,121.0,19.0,4.0,Clothing,Stole,COD
631,B-26053,120.0,1.0,1.0,Furniture,Chairs,COD
632,B-25951,120.0,23.0,5.0,Clothing,Stole,COD
633,B-25757,34.0,-11.0,5.0,Clothing,T-shirt,COD
634,B-25777,117.0,17.0,6.0,Clothing,Kurti,COD
635,B-26040,38.0,9.0,2.0,Clothing,Stole,COD
636,B-25696,117.0,-6.0,3.0,Electronics,Phones,COD
637,B-25977,180.0,54.0,4.0,Clothing,T-shirt,Credit Card
638,B-25743,99.0,-5.0,1.0,Clothing,Saree,UPI
639,B-25651,172.0,-103.0,3.0,Furniture,Chairs,EMI
640,B-25603,116.0,16.0,4.0,Clothing,Stole,COD
641,B-25696,116.0,-4.0,1.0,Clothing,Saree,COD
642,B-26037,171.0,68.0,7.0,Clothing,Stole,EMI
643,B-26098,46.0,14.0,5.0,Clothing,Skirt,COD
644,B-25697,115.0,-39.0,3.0,Clothing,Trousers,COD
645,B-25920,100.0,7.0,2.0,Clothing,T-shirt,UPI
646,B-25993,44.0,8.0,2.0,Clothing,Stole,COD
647,B-26089,139.0,14.0,3.0,Clothing,Kurti,COD
648,B-25960,171.0,-140.0,2.0,Furniture,Bookcases,EMI
649,B-25917,100.0,12.0,2.0,Clothing,T-shirt,UPI
650,B-25825,115.0,25.0,6.0,Clothing,Stole,COD
651,B-25696,168.0,-9.0,3.0,Clothing,Saree,COD
652,B-25972,115.0,47.0,2.0,Electronics,Accessories,COD
653,B-25602,168.0,-111.0,2.0,Electronics,Phones,EMI
654,B-25736,31.0,-7.0,5.0,Clothing,Skirt,UPI
655,B-26003,114.0,41.0,6.0,Furniture,Furnishings,COD
656,B-25970,111.0,9.0,4.0,Clothing,Stole,COD
657,B-25742,11.0,-8.0,2.0,Clothing,Skirt,UPI
658,B-25770,110.0,35.0,1.0,Furniture,Furnishings,COD
659,B-26098,59.0,15.0,2.0,Clothing,T-shirt,UPI
660,B-26050,166.0,27.0,2.0,Electronics,Accessories,EMI
661,B-25778,109.0,-6.0,6.0,Clothing,Saree,COD
662,B-25652,34.0,-6.0,4.0,Clothing,Leggings,COD
663,B-25999,109.0,40.0,1.0,Furniture,Furnishings,COD
664,B-25909,108.0,22.0,3.0,Electronics,Accessories,COD
665,B-25823,103.0,50.0,2.0,Furniture,Furnishings,UPI
666,B-25701,10.0,-8.0,2.0,Clothing,Skirt,COD
667,B-25855,90.0,17.0,3.0,Clothing,Hankerchief,COD
668,B-25654,105.0,46.0,2.0,Clothing,Stole,UPI
669,B-25623,105.0,20.0,2.0,Clothing,Stole,Debit Card
670,B-25641,22.0,-6.0,1.0,Furniture,Furnishings,COD
671,B-25852,105.0,-33.0,5.0,Clothing,Kurti,COD
672,B-25958,105.0,25.0,2.0,Clothing,Hankerchief,EMI
673,B-25802,25.0,-7.0,5.0,Clothing,Saree,UPI
674,B-25823,104.0,2.0,2.0,Furniture,Furnishings,COD
675,B-25834,16.0,5.0,1.0,Clothing,Stole,UPI
676,B-25678,64.0,-7.0,3.0,Clothing,Saree,COD
677,B-25774,38.0,-6.0,2.0,Furniture,Furnishings,UPI
678,B-25904,83.0,12.0,2.0,Furniture,Chairs,COD
679,B-25896,103.0,36.0,2.0,Clothing,Hankerchief,COD
680,B-25796,37.0,-6.0,1.0,Clothing,Saree,UPI
681,B-25934,105.0,33.0,6.0,Clothing,Saree,EMI
682,B-25750,78.0,-6.0,2.0,Furniture,Furnishings,UPI
683,B-25761,102.0,-90.0,1.0,Clothing,Saree,COD
684,B-25912,102.0,11.0,6.0,Clothing,T-shirt,COD
685,B-25751,10.0,-8.0,1.0,Clothing,Kurti,UPI
686,B-25656,101.0,18.0,9.0,Clothing,Skirt,COD
687,B-25647,42.0,-6.0,4.0,Clothing,Saree,UPI
688,B-25861,56.0,18.0,2.0,Clothing,Hankerchief,UPI
689,B-25802,95.0,5.0,2.0,Clothing,Stole,COD
690,B-25901,159.0,2.0,3.0,Furniture,Furnishings,EMI
691,B-25623,158.0,69.0,3.0,Clothing,Stole,EMI
692,B-25751,106.0,0.0,2.0,Electronics,Phones,EMI
693,B-26052,101.0,16.0,4.0,Clothing,T-shirt,COD
694,B-25886,107.0,37.0,3.0,Clothing,Shirt,COD
695,B-25804,156.0,36.0,5.0,Clothing,T-shirt,EMI
696,B-25734,108.0,-19.0,3.0,Electronics,Electronic Games,UPI
697,B-25610,107.0,-54.0,4.0,Clothing,Stole,EMI
698,B-25711,100.0,-58.0,4.0,Clothing,Hankerchief,COD
699,B-25985,108.0,26.0,4.0,Clothing,Shirt,UPI
700,B-25864,100.0,6.0,4.0,Clothing,Stole,COD
701,B-25648,100.0,-23.0,1.0,Electronics,Phones,COD
702,B-26086,43.0,17.0,2.0,Clothing,T-shirt,UPI
703,B-25835,155.0,26.0,3.0,Clothing,Stole,EMI
704,B-25949,151.0,9.0,3.0,Clothing,Hankerchief,EMI
705,B-25930,151.0,29.0,5.0,Clothing,Hankerchief,EMI
706,B-25655,110.0,-68.0,4.0,Clothing,Saree,EMI
707,B-25757,98.0,9.0,2.0,Furniture,Furnishings,COD
708,B-25655,97.0,-62.0,2.0,Clothing,Trousers,COD
709,B-26033,111.0,35.0,5.0,Clothing,Shirt,COD
710,B-26083,45.0,17.0,1.0,Electronics,Accessories,COD
711,B-25805,112.0,15.0,2.0,Furniture,Chairs,COD
712,B-25955,110.0,20.0,5.0,Clothing,Stole,Debit Card
713,B-25762,98.0,-5.0,2.0,Clothing,Saree,UPI
714,B-25919,110.0,12.0,7.0,Clothing,Stole,Debit Card
715,B-25853,95.0,11.0,4.0,Furniture,Furnishings,COD
716,B-25925,1228.0,14.0,3.0,Furniture,Chairs,UPI
717,B-26023,29.0,0.0,3.0,Furniture,Furnishings,COD
718,B-26055,94.0,27.0,2.0,Clothing,T-shirt,COD
719,B-25653,115.0,25.0,1.0,Electronics,Accessories,COD
720,B-25893,149.0,15.0,3.0,Clothing,Saree,EMI
721,B-26052,148.0,23.0,4.0,Clothing,Kurti,EMI
722,B-25830,93.0,15.0,2.0,Electronics,Accessories,COD
723,B-26040,113.0,24.0,4.0,Clothing,Hankerchief,Debit Card
724,B-25981,48.0,2.0,3.0,Clothing,Stole,COD
725,B-25954,148.0,9.0,1.0,Electronics,Electronic Games,UPI
726,B-25889,114.0,11.0,4.0,Clothing,T-shirt,Debit Card
727,B-25810,92.0,42.0,2.0,Clothing,Stole,COD
728,B-25637,117.0,14.0,3.0,Clothing,Shirt,UPI
729,B-25801,21.0,-10.0,4.0,Clothing,Leggings,COD
730,B-25783,33.0,-10.0,6.0,Clothing,Leggings,UPI
731,B-25697,114.0,8.0,3.0,Electronics,Accessories,Debit Card
732,B-26028,115.0,0.0,1.0,Electronics,Accessories,Debit Card
733,B-25851,90.0,29.0,5.0,Clothing,T-shirt,COD
734,B-25938,61.0,1.0,2.0,Furniture,Furnishings,COD
735,B-25820,119.0,1.0,1.0,Furniture,Chairs,COD
736,B-25850,117.0,36.0,2.0,Clothing,Trousers,Debit Card
737,B-25924,148.0,54.0,2.0,Furniture,Chairs,UPI
738,B-25609,249.0,-5.0,4.0,Clothing,Saree,COD
739,B-25898,147.0,73.0,3.0,Clothing,Stole,UPI
740,B-25814,118.0,35.0,7.0,Clothing,T-shirt,EMI
741,B-26087,119.0,56.0,7.0,Clothing,Saree,EMI
742,B-25901,90.0,27.0,2.0,Clothing,T-shirt,COD
743,B-26025,32.0,1.0,2.0,Clothing,Stole,COD
744,B-25631,89.0,-89.0,2.0,Furniture,Furnishings,COD
745,B-25954,146.0,66.0,1.0,Electronics,Phones,UPI
746,B-25956,89.0,-37.0,4.0,Clothing,Shirt,COD
747,B-26096,88.0,11.0,3.0,Electronics,Accessories,COD
748,B-25862,121.0,41.0,4.0,Clothing,Stole,EMI
749,B-26054,88.0,20.0,2.0,Clothing,Saree,COD
750,B-25698,87.0,-83.0,5.0,Clothing,Kurti,COD
751,B-25606,87.0,4.0,2.0,Clothing,Shirt,COD
752,B-25928,122.0,15.0,3.0,Electronics,Accessories,EMI
753,B-26005,87.0,10.0,3.0,Clothing,Stole,COD
754,B-25963,53.0,8.0,3.0,Furniture,Furnishings,UPI
755,B-25952,87.0,-32.0,9.0,Clothing,Skirt,COD
756,B-25683,86.0,-55.0,6.0,Clothing,Saree,COD
757,B-25914,125.0,22.0,3.0,Clothing,Stole,EMI
758,B-25828,128.0,-3.0,3.0,Clothing,Saree,Debit Card
759,B-25743,143.0,-124.0,5.0,Clothing,Saree,UPI
760,B-26085,86.0,22.0,2.0,Clothing,Saree,COD
761,B-25869,86.0,9.0,3.0,Clothing,Saree,COD
762,B-25773,85.0,-9.0,4.0,Clothing,Saree,COD
763,B-25700,129.0,-75.0,5.0,Clothing,Shirt,Debit Card
764,B-25921,84.0,-42.0,2.0,Electronics,Accessories,COD
765,B-25730,83.0,-81.0,3.0,Furniture,Chairs,COD
766,B-26083,143.0,6.0,2.0,Electronics,Accessories,UPI
767,B-25849,336.0,123.0,3.0,Electronics,Phones,UPI
768,B-25909,323.0,122.0,5.0,Electronics,Phones,UPI
769,B-26038,130.0,61.0,3.0,Clothing,Shirt,Debit Card
770,B-25999,152.0,-3.0,5.0,Clothing,Saree,COD
771,B-25928,25.0,10.0,1.0,Furniture,Furnishings,UPI
772,B-25878,140.0,15.0,5.0,Clothing,Stole,UPI
773,B-25843,45.0,0.0,2.0,Clothing,Stole,UPI
774,B-25959,132.0,49.0,3.0,Clothing,Shirt,COD
775,B-25630,133.0,12.0,5.0,Clothing,Stole,Debit Card
776,B-25858,82.0,13.0,2.0,Clothing,Shirt,COD
777,B-26096,140.0,56.0,4.0,Clothing,Shirt,UPI
778,B-25838,81.0,19.0,7.0,Clothing,Hankerchief,COD
779,B-25943,137.0,38.0,5.0,Clothing,Hankerchief,Debit Card
780,B-25780,137.0,-41.0,3.0,Electronics,Phones,Debit Card
781,B-25949,140.0,57.0,2.0,Clothing,Trousers,Debit Card
782,B-25892,139.0,30.0,3.0,Clothing,Shirt,UPI
783,B-26054,138.0,11.0,5.0,Clothing,Stole,UPI
784,B-25988,79.0,-124.0,9.0,Clothing,Skirt,COD
785,B-25939,136.0,41.0,3.0,Electronics,Accessories,UPI
786,B-26083,145.0,16.0,3.0,Clothing,T-shirt,Debit Card
787,B-26078,44.0,20.0,2.0,Clothing,T-shirt,UPI
788,B-25902,79.0,6.0,7.0,Clothing,Saree,COD
789,B-25676,79.0,36.0,4.0,Clothing,Shirt,COD
790,B-26016,134.0,-13.0,3.0,Electronics,Electronic Games,UPI
791,B-25950,133.0,5.0,5.0,Clothing,Stole,UPI
792,B-26056,47.0,20.0,7.0,Clothing,Hankerchief,UPI
793,B-25645,133.0,-42.0,1.0,Electronics,Printers,UPI
794,B-25906,78.0,27.0,3.0,Clothing,Stole,COD
795,B-26017,78.0,7.0,1.0,Furniture,Chairs,COD
796,B-25644,76.0,-92.0,8.0,Furniture,Furnishings,COD
797,B-25679,76.0,-50.0,1.0,Clothing,Saree,COD
798,B-25854,76.0,19.0,3.0,Clothing,Hankerchief,COD
799,B-25670,74.0,29.0,3.0,Clothing,Stole,COD
800,B-25792,74.0,-25.0,3.0,Clothing,Stole,COD
801,B-25808,146.0,-63.0,3.0,Electronics,Electronic Games,Debit Card
802,B-25750,73.0,-31.0,1.0,Furniture,Bookcases,COD
803,B-26051,80.0,22.0,3.0,Clothing,Stole,UPI
804,B-26076,133.0,46.0,5.0,Clothing,Shirt,EMI
805,B-25946,146.0,7.0,2.0,Electronics,Phones,Debit Card
806,B-25648,130.0,-41.0,4.0,Clothing,Saree,EMI
807,B-25992,141.0,41.0,3.0,Clothing,Shirt,UPI
808,B-25848,147.0,21.0,3.0,Furniture,Furnishings,Debit Card
809,B-25697,73.0,-7.0,1.0,Electronics,Phones,COD
810,B-25659,148.0,72.0,7.0,Clothing,T-shirt,Debit Card
811,B-25716,58.0,0.0,4.0,Clothing,Saree,UPI
812,B-25652,21.0,-13.0,3.0,Clothing,Leggings,UPI
813,B-26093,148.0,25.0,3.0,Clothing,Saree,Debit Card
814,B-25725,144.0,-7.0,4.0,Electronics,Electronic Games,COD
815,B-25661,145.0,-104.0,5.0,Furniture,Chairs,UPI
816,B-25693,72.0,-49.0,1.0,Electronics,Phones,COD
817,B-25910,125.0,15.0,5.0,Clothing,Shirt,EMI
818,B-25943,149.0,15.0,3.0,Clothing,Saree,Debit Card
819,B-26100,72.0,16.0,2.0,Clothing,Shirt,COD
820,B-25830,71.0,0.0,8.0,Clothing,Skirt,COD
821,B-25932,71.0,-14.0,4.0,Furniture,Furnishings,COD
822,B-25929,154.0,-85.0,3.0,Furniture,Chairs,EMI
823,B-25708,191.0,13.0,8.0,Furniture,Furnishings,COD
824,B-25921,170.0,19.0,5.0,Clothing,T-shirt,UPI
825,B-25755,47.0,-3.0,2.0,Clothing,Stole,UPI
826,B-25640,122.0,-47.0,4.0,Clothing,Saree,EMI
827,B-25838,70.0,26.0,5.0,Clothing,Hankerchief,COD
828,B-26025,155.0,5.0,3.0,Clothing,Stole,EMI
829,B-25789,67.0,-86.0,9.0,Furniture,Furnishings,COD
830,B-25697,67.0,-42.0,3.0,Clothing,Stole,COD
831,B-25797,148.0,-101.0,2.0,Furniture,Bookcases,UPI
832,B-26064,122.0,38.0,6.0,Clothing,T-shirt,Credit Card
833,B-25732,16.0,-5.0,2.0,Clothing,Stole,UPI
834,B-25654,121.0,-17.0,3.0,Furniture,Furnishings,Credit Card
835,B-25750,42.0,-15.0,12.0,Clothing,Skirt,UPI
836,B-25751,65.0,-4.0,6.0,Clothing,Hankerchief,COD
837,B-25889,119.0,-43.0,7.0,Clothing,Kurti,Credit Card
838,B-25683,155.0,56.0,3.0,Furniture,Furnishings,EMI
839,B-25602,119.0,-5.0,8.0,Clothing,Saree,Credit Card
840,B-25871,118.0,25.0,4.0,Clothing,Hankerchief,Credit Card
841,B-25953,116.0,22.0,1.0,Electronics,Accessories,Credit Card
842,B-25950,158.0,-29.0,10.0,Clothing,Hankerchief,EMI
843,B-26091,158.0,69.0,3.0,Clothing,Stole,EMI
844,B-25753,65.0,-52.0,3.0,Electronics,Accessories,COD
845,B-25611,160.0,-59.0,2.0,Clothing,Saree,EMI
846,B-25935,162.0,20.0,3.0,Furniture,Chairs,EMI
847,B-25886,63.0,1.0,4.0,Clothing,T-shirt,COD
848,B-25833,64.0,27.0,5.0,Clothing,Hankerchief,UPI
849,B-25665,166.0,-113.0,4.0,Electronics,Accessories,EMI
850,B-25694,167.0,43.0,7.0,Clothing,T-shirt,EMI
851,B-25668,123.0,17.0,3.0,Furniture,Furnishings,COD
852,B-25945,63.0,14.0,2.0,Clothing,Shirt,COD
853,B-25954,891.0,0.0,5.0,Clothing,Saree,COD
854,B-25818,75.0,28.0,9.0,Clothing,Hankerchief,UPI
855,B-25861,62.0,6.0,5.0,Clothing,Hankerchief,COD
856,B-25721,29.0,-18.0,7.0,Clothing,Skirt,UPI
857,B-26024,168.0,18.0,6.0,Clothing,Stole,Debit Card
858,B-26056,70.0,24.0,3.0,Clothing,Stole,UPI
859,B-26050,169.0,55.0,4.0,Clothing,Saree,Debit Card
860,B-25708,32.0,-8.0,2.0,Clothing,Stole,COD
861,B-25651,44.0,-8.0,3.0,Clothing,Stole,UPI
862,B-25616,116.0,-56.0,5.0,Clothing,Stole,Credit Card
863,B-25827,156.0,21.0,3.0,Furniture,Chairs,COD
864,B-25996,62.0,6.0,6.0,Clothing,Skirt,COD
865,B-25830,1525,1.0,2.0,Clothing,Saree,UPI
866,B-25951,111.0,11.0,9.0,Clothing,Hankerchief,Credit Card
867,B-25713,158.0,-63.0,4.0,Furniture,Chairs,UPI
868,B-25678,7.0,-3.0,2.0,Clothing,Skirt,UPI
869,B-25901,61.0,28.0,2.0,Clothing,Hankerchief,UPI
870,B-25798,61.0,-50.0,4.0,Clothing,Hankerchief,COD
871,B-25902,154.0,1525,4.0,Electronics,Accessories,COD
872,B-25851,62.0,1.0,3.0,Clothing,Saree,COD
873,B-25944,169.0,38.0,3.0,Clothing,Saree,Debit Card
874,B-25939,61.0,18.0,2.0,Electronics,Accessories,COD
875,B-25656,61.0,-23.0,2.0,Clothing,Saree,COD
876,B-25695,171.0,14.0,9.0,Clothing,Shirt,Debit Card
877,B-25781,60.0,-49.0,8.0,Clothing,Hankerchief,COD
878,B-25783,25.0,-11.0,1.0,Clothing,Stole,UPI
879,B-25867,163.0,26.0,4.0,Clothing,Shirt,COD
880,B-25993,173.0,86.0,1.0,Electronics,Printers,Debit Card
881,B-25755,257.0,-3.0,2.0,Furniture,Bookcases,UPI
882,B-25880,108.0,37.0,2.0,Clothing,Stole,Credit Card
883,B-25941,177.0,41.0,4.0,Clothing,Shirt,Debit Card
884,B-25757,106.0,15.0,7.0,Clothing,Hankerchief,Credit Card
885,B-25754,41.0,-14.0,5.0,Clothing,Leggings,UPI
886,B-25653,168.0,-10.0,3.0,Electronics,Accessories,UPI
887,B-25821,60.0,21.0,4.0,Clothing,Stole,COD
888,B-25706,31.0,-11.0,4.0,Clothing,Stole,COD
889,B-26064,179.0,0.0,2.0,Clothing,Saree,Debit Card
890,B-25803,106.0,12.0,3.0,Clothing,Trousers,Credit Card
891,B-26076,60.0,13.0,2.0,Clothing,T-shirt,COD
892,B-25603,180.0,5.0,3.0,Clothing,Trousers,Debit Card
893,B-25903,60.0,-10.0,2.0,Furniture,Furnishings,COD
894,B-25938,59.0,25.0,3.0,Clothing,Stole,COD
895,B-25868,170.0,73.0,2.0,Electronics,Accessories,UPI
896,B-25956,59.0,10.0,2.0,Clothing,Hankerchief,COD
897,B-25652,24.0,-21.0,7.0,Clothing,Skirt,COD
898,B-25883,105.0,-26.0,8.0,Clothing,Leggings,Credit Card
899,B-26096,103.0,46.0,2.0,Clothing,Saree,Credit Card
900,B-25969,171.0,17.0,6.0,Clothing,T-shirt,UPI
901,B-25951,102.0,13.0,2.0,Clothing,Stole,Credit Card
902,B-25855,98.0,12.0,2.0,Clothing,Hankerchief,Credit Card
903,B-26091,59.0,10.0,4.0,Clothing,Leggings,COD
904,B-25954,189.0,60.0,4.0,Furniture,Furnishings,Debit Card
905,B-25763,1525,-52.0,3.0,Furniture,Chairs,COD
906,B-25945,60.0,3.0,3.0,Clothing,Saree,UPI
907,B-25740,58.0,-8.0,2.0,Clothing,Saree,COD
908,B-25818,94.0,20.0,2.0,Furniture,Furnishings,UPI
909,B-25603,193.0,-166.0,3.0,Clothing,Saree,EMI
910,B-25964,199.0,0.0,4.0,Clothing,Stole,EMI
911,B-25930,202.0,89.0,9.0,Clothing,T-shirt,EMI
912,B-25930,58.0,1525,2.0,Clothing,Hankerchief,COD
913,B-25879,57.0,-28.0,2.0,Clothing,Kurti,COD
914,B-25903,204.0,-94.0,4.0,Clothing,Hankerchief,EMI
915,B-25614,98.0,-12.0,2.0,Electronics,Electronic Games,Credit Card
916,B-25750,22.0,-12.0,3.0,Clothing,Stole,COD
917,B-25852,97.0,17.0,2.0,Clothing,Stole,Credit Card
918,B-26008,57.0,24.0,5.0,Clothing,Leggings,COD
919,B-26092,97.0,14.0,2.0,Clothing,T-shirt,Credit Card
920,B-25689,97.0,17.0,2.0,Clothing,Stole,Credit Card
921,B-25730,96.0,22.0,5.0,Clothing,Stole,Credit Card
922,B-25885,94.0,27.0,2.0,Clothing,Shirt,Credit Card
923,B-25999,26.0,-17.0,1.0,Clothing,Stole,COD
924,B-26011,93.0,44.0,2.0,Clothing,Stole,Credit Card
925,B-25754,93.0,-65.0,4.0,Clothing,Stole,Credit Card
926,B-26030,92.0,5.0,6.0,Clothing,Hankerchief,Credit Card
927,B-25851,57.0,27.0,2.0,Clothing,T-shirt,COD
928,B-25870,57.0,1525,3.0,Furniture,Furnishings,COD
929,B-26074,57.0,1525,4.0,Clothing,Leggings,COD
930,B-25861,128.0,1525,3.0,Clothing,Saree,COD
931,B-25797,89.0,1525,5.0,Clothing,Saree,Credit Card
932,B-25993,221.0,1525,7.0,Furniture,Furnishings,COD
933,B-25799,205.0,1525,3.0,Clothing,Saree,Debit Card
934,B-25721,191.0,1525,5.0,Clothing,Shirt,UPI
935,B-26056,206.0,1525,4.0,Clothing,Hankerchief,Debit Card
936,B-25743,56.0,1525,4.0,Clothing,Hankerchief,COD
937,B-25854,88.0,1525,4.0,Clothing,Stole,Credit Card
938,B-25748,1525,58.0,3.0,Electronics,Phones,UPI
939,B-25976,193.0,8.0,4.0,Clothing,T-shirt,UPI
940,B-25953,87.0,36.0,5.0,Clothing,Stole,Credit Card
941,B-25996,189.0,4.0,1.0,Clothing,Saree,UPI
942,B-25717,55.0,-33.0,2.0,Furniture,Chairs,COD
943,B-25865,85.0,-1.0,3.0,Clothing,Saree,Credit Card
944,B-25959,252.0,56.0,2.0,Electronics,Phones,UPI
945,B-25855,197.0,73.0,1.0,Furniture,Bookcases,COD
946,B-25703,17.0,-3.0,2.0,Clothing,Stole,UPI
947,B-26049,100.0,28.0,2.0,Clothing,Hankerchief,UPI
948,B-25755,80.0,-19.0,5.0,Clothing,Stole,UPI
949,B-26070,75.0,29.0,1.0,Clothing,Trousers,UPI
950,B-25755,26.0,4.0,2.0,Clothing,Saree,UPI
951,B-26047,55.0,12.0,5.0,Clothing,Skirt,COD
952,B-25604,157.0,5.0,9.0,Clothing,Saree,UPI
953,B-25651,200.0,-60.0,4.0,Furniture,Bookcases,UPI
954,B-25983,230.0,5.0,2.0,Clothing,Saree,UPI
955,B-26056,213.0,-145.0,3.0,Furniture,Bookcases,Debit Card
956,B-25940,55.0,4.0,2.0,Clothing,Stole,COD
957,B-25766,220.0,-19.0,2.0,Clothing,Saree,Debit Card
958,B-25935,150.0,32.0,3.0,Clothing,Hankerchief,COD
959,B-25970,203.0,84.0,2.0,Electronics,Printers,UPI
960,B-26053,93.0,31.0,3.0,Electronics,Accessories,UPI
961,B-25947,290.0,35.0,6.0,Clothing,Hankerchief,COD
962,B-25856,48.0,6.0,1.0,Clothing,Saree,COD
963,B-26030,221.0,35.0,4.0,Electronics,Accessories,Debit Card
964,B-26069,55.0,18.0,2.0,Clothing,Kurti,COD
965,B-25653,227.0,102.0,8.0,Electronics,Accessories,Debit Card
966,B-25627,55.0,-39.0,4.0,Clothing,Stole,COD
967,B-25947,207.0,33.0,2.0,Electronics,Accessories,UPI
968,B-25801,64.0,6.0,4.0,Clothing,Saree,COD
969,B-25964,89.0,6.0,5.0,Clothing,Saree,COD
970,B-25950,54.0,27.0,2.0,Clothing,Stole,COD
971,B-25878,84.0,41.0,3.0,Clothing,T-shirt,Credit Card
972,B-25773,209.0,-21.0,2.0,Electronics,Electronic Games,UPI
973,B-26081,79.0,33.0,4.0,Clothing,Stole,UPI
974,B-26027,54.0,8.0,4.0,Clothing,T-shirt,COD
975,B-25967,1525,59.0,9.0,Clothing,Saree,Debit Card
976,B-25901,1525,38.0,3.0,Clothing,Hankerchief,UPI
977,B-25951,1525,105.0,2.0,Electronics,Phones,Debit Card
978,B-25853,1525,6.0,2.0,Clothing,Saree,UPI
979,B-25923,1525,-11.0,1.0,Clothing,Trousers,Debit Card
980,B-25793,1525,-252.0,4.0,Clothing,Saree,Debit Card
981,B-26068,1525,33.0,5.0,Electronics,Accessories,COD
982,B-26080,1525,35.0,6.0,Clothing,T-shirt,COD
983,B-25843,214.0,30.0,3.0,Electronics,Accessories,COD
984,B-26002,141.0,7.0,7.0,Clothing,Saree,COD
985,B-25993,201.0,32.0,4.0,Furniture,Furnishings,UPI
986,B-26070,54.0,12.0,4.0,Clothing,Shirt,COD
987,B-25887,83.0,6.0,6.0,Clothing,Shirt,EMI
988,B-25654,54.0,-3.0,3.0,Clothing,Saree,COD
989,B-25898,53.0,5.0,3.0,Clothing,T-shirt,COD
990,B-25664,258.0,-27.0,2.0,Electronics,Phones,Debit Card
991,B-26012,199.0,8.0,2.0,Clothing,Saree,COD
992,B-25979,82.0,-27.0,3.0,Clothing,Kurti,EMI
993,B-26054,139.0,36.0,3.0,Clothing,Stole,COD
994,B-25757,53.0,15.0,2.0,Clothing,Stole,COD
995,B-25623,53.0,1.0,4.0,Clothing,Stole,COD
996,B-25824,101.0,38.0,2.0,Furniture,Furnishings,COD
997,B-25754,262.0,215.0,2.0,Electronics,Printers,Debit Card
998,B-25693,82.0,-39.0,5.0,Clothing,T-shirt,EMI
999,B-25638,154.0,39.0,3.0,Clothing,Hankerchief,COD
1000,B-25922,52.0,18.0,2.0,Clothing,Stole,COD
1001,B-25919,1599.0,37.0,6.0,Electronics,Electronic Games,UPI
1002,B-25989,338.0,41.0,7.0,Clothing,Hankerchief,UPI
1003,B-25999,51.0,-49.0,2.0,Electronics,Electronic Games,COD
1004,B-25661,224.0,-81.0,3.0,Furniture,Chairs,COD
1005,B-26099,207.0,37.0,4.0,Clothing,Hankerchief,COD
1006,B-25866,51.0,14.0,2.0,Clothing,Stole,COD
1007,B-26098,82.0,8.0,3.0,Electronics,Accessories,EMI
1008,B-26062,50.0,-17.0,2.0,Clothing,Stole,COD
1009,B-25761,263.0,-31.0,9.0,Electronics,Electronic Games,Debit Card
1010,B-25843,50.0,7.0,6.0,Clothing,Skirt,COD
1011,B-25683,245.0,-3.0,4.0,Electronics,Phones,UPI
1012,B-25959,82.0,24.0,6.0,Clothing,Hankerchief,EMI
1013,B-25787,229.0,-41.0,8.0,Electronics,Accessories,COD
1014,B-25951,50.0,14.0,1.0,Electronics,Electronic Games,COD
1015,B-26056,220.0,40.0,2.0,Electronics,Accessories,COD
1016,B-25643,263.0,-63.0,2.0,Electronics,Electronic Games,Debit Card
1017,B-26093,81.0,-41.0,5.0,Clothing,Leggings,EMI
1018,B-25775,50.0,-17.0,2.0,Clothing,Stole,COD
1019,B-26093,49.0,5.0,4.0,Clothing,Hankerchief,COD
1020,B-25851,237.0,47.0,9.0,Clothing,T-shirt,UPI
1021,B-25685,264.0,-30.0,3.0,Furniture,Furnishings,Debit Card
1022,B-25651,49.0,3.0,1.0,Clothing,Shirt,COD
1023,B-25793,63.0,-24.0,6.0,Clothing,Kurti,COD
1024,B-25708,81.0,-51.0,7.0,Clothing,Stole,EMI
1025,B-25847,264.0,71.0,10.0,Furniture,Furnishings,Debit Card
1026,B-25954,48.0,11.0,2.0,Clothing,Shirt,COD
1027,B-25997,48.0,15.0,1.0,Clothing,Hankerchief,COD
1028,B-25650,245.0,-78.0,2.0,Electronics,Printers,UPI
1029,B-25883,146.0,42.0,5.0,Clothing,Hankerchief,UPI
1030,B-25945,245.0,10.0,2.0,Furniture,Bookcases,COD
1031,B-25981,245.0,91.0,2.0,Furniture,Bookcases,UPI
1032,B-25862,80.0,3.0,3.0,Clothing,Stole,EMI
1033,B-25877,269.0,33.0,5.0,Furniture,Chairs,Debit Card
1034,B-26090,80.0,22.0,3.0,Clothing,Stole,EMI
1035,B-26050,284.0,44.0,6.0,Clothing,Hankerchief,COD
1036,B-26072,313.0,44.0,3.0,Electronics,Electronic Games,COD
1037,B-25916,80.0,-26.0,9.0,Clothing,Skirt,EMI
1038,B-25722,48.0,-8.0,8.0,Clothing,Stole,COD
1039,B-25746,87.0,16.0,2.0,Clothing,Saree,UPI
1040,B-25753,47.0,-114.0,5.0,Furniture,Furnishings,COD
1041,B-25956,140.0,28.0,2.0,Electronics,Phones,COD
1042,B-25996,47.0,1.0,2.0,Clothing,Stole,COD
1043,B-25896,79.0,-2.0,2.0,Furniture,Furnishings,EMI
1044,B-25796,78.0,-64.0,7.0,Clothing,Stole,EMI
1045,B-25798,47.0,-3.0,2.0,Clothing,Stole,COD
1046,B-26043,185.0,48.0,4.0,Clothing,Stole,UPI
1047,B-26028,77.0,36.0,2.0,Clothing,Shirt,EMI
1048,B-25812,259.0,47.0,5.0,Clothing,Hankerchief,UPI
1049,B-25605,75.0,0.0,7.0,Clothing,Saree,EMI
1050,B-25702,75.0,0.0,3.0,Clothing,Shirt,EMI
1051,B-25940,46.0,0.0,4.0,Clothing,Leggings,COD
1052,B-26087,46.0,13.0,3.0,Clothing,Hankerchief,COD
1053,B-25955,200.0,13.0,5.0,Electronics,Phones,COD
1054,B-25626,46.0,-14.0,1.0,Electronics,Phones,COD
1055,B-25811,126.0,52.0,4.0,Clothing,Hankerchief,UPI
1056,B-25856,74.0,29.0,3.0,Clothing,Stole,EMI
1057,B-25628,45.0,13.0,4.0,Clothing,Skirt,COD
1058,B-26016,74.0,9.0,3.0,Clothing,Shirt,UPI
1059,B-25999,129.0,11.0,2.0,Electronics,Phones,UPI
1060,B-26043,122.0,50.0,7.0,Clothing,Stole,UPI
1061,B-25743,74.0,-51.0,3.0,Clothing,Stole,UPI
1062,B-26014,278.0,39.0,5.0,Furniture,Chairs,Debit Card
1063,B-25876,282.0,14.0,4.0,Clothing,Trousers,Debit Card
1064,B-25785,45.0,0.0,2.0,Clothing,T-shirt,COD
1065,B-25810,45.0,6.0,3.0,Clothing,Shirt,COD
1066,B-25833,45.0,16.0,3.0,Clothing,Stole,COD
1067,B-25931,73.0,-36.0,3.0,Furniture,Chairs,UPI
1068,B-25852,45.0,12.0,4.0,Clothing,Hankerchief,COD
1069,B-25738,72.0,-6.0,3.0,Clothing,Saree,UPI
1070,B-25921,71.0,-44.0,5.0,Electronics,Accessories,UPI
1071,B-25685,45.0,-2.0,4.0,Clothing,Shirt,COD
1072,B-25996,286.0,140.0,6.0,Clothing,Shirt,Debit Card
1073,B-25663,294.0,138.0,2.0,Electronics,Printers,Debit Card
1074,B-25888,223.0,4.0,3.0,Electronics,Phones,COD
1075,B-25677,20.0,-2.0,1.0,Electronics,Accessories,UPI
1076,B-26045,302.0,75.0,6.0,Furniture,Furnishings,Debit Card
1077,B-26002,113.0,28.0,2.0,Clothing,Saree,UPI
1078,B-25953,44.0,2.0,3.0,Clothing,Hankerchief,COD
1079,B-25617,305.0,-270.0,5.0,Electronics,Electronic Games,Debit Card
1080,B-25702,306.0,-147.0,3.0,Clothing,Saree,Debit Card
1081,B-25799,70.0,-64.0,5.0,Clothing,Stole,UPI
1082,B-25985,44.0,11.0,4.0,Clothing,Stole,COD
1083,B-25952,44.0,14.0,3.0,Clothing,Hankerchief,COD
1084,B-25754,319.0,312.0,5.0,Clothing,Saree,Debit Card
1085,B-25770,287.0,-280.0,12.0,Furniture,Chairs,UPI
1086,B-25954,44.0,10.0,3.0,Clothing,Stole,COD
1087,B-25657,288.0,-180.0,4.0,Furniture,Chairs,COD
1088,B-25801,49.0,-31.0,2.0,Clothing,Stole,COD
1089,B-26000,43.0,-10.0,4.0,Clothing,Skirt,COD
1090,B-25897,43.0,5.0,3.0,Clothing,Stole,COD
1091,B-25681,68.0,-27.0,3.0,Electronics,Accessories,UPI
1092,B-25852,320.0,144.0,1.0,Electronics,Printers,Debit Card
1093,B-26067,67.0,2.0,4.0,Clothing,T-shirt,UPI
1094,B-25601,66.0,-12.0,5.0,Clothing,Stole,UPI
1095,B-25804,321.0,26.0,3.0,Electronics,Printers,Debit Card
1096,B-25751,43.0,-5.0,2.0,Clothing,Saree,COD
1097,B-25630,114.0,-39.0,5.0,Clothing,Kurti,COD
1098,B-25899,43.0,17.0,1.0,Clothing,Saree,COD
1099,B-25751,43.0,21.0,3.0,Clothing,Shirt,COD
1100,B-26081,637.0,50.0,5.0,Clothing,Saree,COD
1101,B-25851,300.0,42.0,2.0,Electronics,Printers,COD
1102,B-26036,341.0,44.0,7.0,Furniture,Furnishings,UPI
1103,B-25704,102.0,0.0,3.0,Electronics,Phones,COD
1104,B-25761,328.0,-15.0,3.0,Electronics,Electronic Games,Debit Card
1105,B-25978,341.0,160.0,7.0,Clothing,Stole,Debit Card
1106,B-26077,62.0,11.0,7.0,Clothing,Hankerchief,UPI
1107,B-25981,42.0,13.0,3.0,Clothing,Leggings,COD
1108,B-26043,62.0,28.0,5.0,Clothing,Hankerchief,UPI
1109,B-25896,42.0,7.0,2.0,Clothing,Kurti,COD
1110,B-25790,42.0,-3.0,1.0,Electronics,Electronic Games,COD
1111,B-25789,313.0,-13.0,5.0,Furniture,Bookcases,UPI
1112,B-26061,109.0,52.0,2.0,Clothing,Stole,UPI
1113,B-25923,226.0,58.0,3.0,Electronics,Accessories,COD
1114,B-25868,62.0,-1.0,1.0,Electronics,Phones,UPI
1115,B-25777,61.0,-25.0,4.0,Electronics,Accessories,UPI
1116,B-25999,222.0,74.0,5.0,Clothing,Hankerchief,COD
1117,B-25854,342.0,-154.0,7.0,Furniture,Furnishings,Debit Card
1118,B-25667,344.0,-34.0,3.0,Clothing,Saree,Debit Card
1119,B-25829,345.0,38.0,7.0,Clothing,Hankerchief,Debit Card
1120,B-25705,46.0,0.0,2.0,Electronics,Electronic Games,COD
1121,B-25843,255.0,74.0,5.0,Clothing,Hankerchief,COD
1122,B-25958,360.0,32.0,3.0,Clothing,Saree,UPI
1123,B-25893,372.0,59.0,3.0,Electronics,Printers,UPI
1124,B-25855,61.0,30.0,2.0,Clothing,Hankerchief,UPI
1125,B-25616,42.0,12.0,5.0,Clothing,Hankerchief,COD
1126,B-25630,42.0,-26.0,2.0,Clothing,Kurti,COD
1127,B-25936,61.0,25.0,4.0,Clothing,Saree,UPI
1128,B-25830,41.0,11.0,6.0,Clothing,Hankerchief,COD
1129,B-25930,40.0,13.0,3.0,Clothing,T-shirt,COD
1130,B-25808,59.0,21.0,2.0,Clothing,Stole,UPI
1131,B-25979,57.0,27.0,2.0,Clothing,Shirt,UPI
1132,B-25687,17.0,6.0,1.0,Clothing,Stole,UPI
1133,B-26087,40.0,10.0,2.0,Clothing,Stole,COD
1134,B-25764,349.0,-24.0,2.0,Clothing,Saree,Debit Card
1135,B-25782,335.0,-22.0,7.0,Furniture,Chairs,UPI
1136,B-25854,40.0,16.0,3.0,Clothing,Hankerchief,COD
1137,B-26085,40.0,17.0,2.0,Clothing,Stole,COD
1138,B-25630,40.0,-7.0,3.0,Clothing,Stole,COD
1139,B-25999,352.0,74.0,8.0,Clothing,Stole,Debit Card
1140,B-25648,55.0,-26.0,4.0,Clothing,Saree,UPI
1141,B-25952,352.0,18.0,5.0,Clothing,Trousers,Debit Card
1142,B-25710,53.0,-18.0,4.0,Clothing,T-shirt,UPI
1143,B-25685,51.0,7.0,2.0,Furniture,Furnishings,UPI
1144,B-25740,40.0,-37.0,3.0,Clothing,Stole,COD
1145,B-25973,39.0,14.0,5.0,Clothing,Leggings,COD
1146,B-25769,355.0,-4.0,2.0,Clothing,Saree,Debit Card
1147,B-25687,357.0,139.0,2.0,Clothing,Saree,Debit Card
1148,B-25603,38.0,18.0,1.0,Clothing,Kurti,COD
1149,B-26050,38.0,9.0,2.0,Clothing,Stole,COD
1150,B-25748,141.0,10.0,4.0,Clothing,Shirt,UPI
1151,B-25833,36.0,4.0,9.0,Clothing,Hankerchief,COD
1152,B-25930,351.0,-94.0,5.0,Electronics,Electronic Games,COD
1153,B-26035,369.0,15.0,3.0,Electronics,Electronic Games,Debit Card
1154,B-25851,53.0,24.0,6.0,Clothing,Hankerchief,EMI
1155,B-25718,371.0,115.0,1.0,Furniture,Bookcases,Debit Card
1156,B-25898,499.0,33.0,4.0,Clothing,Saree,COD
1157,B-25893,223.0,62.0,7.0,Clothing,Shirt,COD
1158,B-25983,50.0,-4.0,6.0,Clothing,T-shirt,EMI
1159,B-26056,391.0,90.0,6.0,Electronics,Phones,Debit Card
1160,B-25715,416.0,137.0,3.0,Electronics,Phones,Debit Card
1161,B-25702,424.0,-17.0,9.0,Furniture,Chairs,Debit Card
1162,B-25618,362.0,127.0,1.0,Furniture,Bookcases,COD
1163,B-25643,36.0,-7.0,1.0,Electronics,Electronic Games,COD
1164,B-25961,34.0,-10.0,3.0,Clothing,Skirt,COD
1165,B-25873,367.0,73.0,3.0,Electronics,Electronic Games,UPI
1166,B-26053,425.0,208.0,7.0,Clothing,Saree,Debit Card
1167,B-25683,433.0,26.0,3.0,Electronics,Printers,Debit Card
1168,B-25718,460.0,31.0,3.0,Furniture,Bookcases,Debit Card
1169,B-25753,62.0,-56.0,5.0,Clothing,Kurti,COD
1170,B-25852,50.0,16.0,1.0,Clothing,Stole,EMI
1171,B-25914,460.0,-143.0,3.0,Furniture,Chairs,Debit Card
1172,B-26083,34.0,3.0,3.0,Clothing,Saree,COD
1173,B-25857,227.0,59.0,2.0,Furniture,Furnishings,UPI
1174,B-25939,469.0,33.0,4.0,Electronics,Electronic Games,Debit Card
1175,B-25851,103.0,46.0,2.0,Clothing,Saree,UPI
1176,B-25699,34.0,-13.0,5.0,Clothing,Leggings,COD
1177,B-26078,137.0,63.0,3.0,Clothing,Stole,COD
1178,B-26075,34.0,12.0,2.0,Clothing,Stole,COD
1179,B-25956,474.0,56.0,4.0,Electronics,Phones,Debit Card
1180,B-25861,50.0,3.0,2.0,Clothing,Stole,EMI
1181,B-25777,69.0,-67.0,4.0,Clothing,Kurti,UPI
1182,B-25634,389.0,-83.0,3.0,Furniture,Chairs,UPI
1183,B-25753,77.0,-43.0,8.0,Clothing,Stole,COD
1184,B-25687,51.0,21.0,3.0,Clothing,T-shirt,COD
1185,B-25885,394.0,146.0,2.0,Furniture,Bookcases,UPI
1186,B-25767,48.0,-22.0,2.0,Clothing,Saree,EMI
1187,B-25961,34.0,-12.0,5.0,Clothing,Leggings,COD
1188,B-25923,484.0,28.0,3.0,Electronics,Printers,Debit Card
1189,B-25799,47.0,-27.0,4.0,Clothing,Saree,EMI
1190,B-25955,45.0,8.0,4.0,Clothing,Skirt,EMI
1191,B-26015,128.0,55.0,1.0,Clothing,Saree,COD
1192,B-26051,669.0,74.0,5.0,Furniture,Bookcases,COD
1193,B-25822,34.0,13.0,2.0,Clothing,Saree,COD
1194,B-25989,44.0,14.0,3.0,Clothing,Hankerchief,Credit Card
1195,B-25910,33.0,1.0,2.0,Clothing,Shirt,COD
1196,B-25956,33.0,10.0,3.0,Clothing,Hankerchief,COD
1197,B-25986,487.0,-23.0,3.0,Electronics,Printers,Debit Card
1198,B-26098,497.0,179.0,3.0,Furniture,Chairs,Debit Card
1199,B-26061,508.0,203.0,2.0,Electronics,Accessories,Debit Card
1200,B-25954,524.0,-25.0,2.0,Electronics,Electronic Games,Debit Card
1201,B-26034,425.0,183.0,5.0,Electronics,Accessories,UPI
1202,B-25909,168.0,56.0,3.0,Clothing,Saree,COD
1203,B-25692,141.0,28.0,7.0,Furniture,Furnishings,UPI
1204,B-25959,429.0,17.0,3.0,Furniture,Chairs,UPI
1205,B-25745,44.0,-8.0,3.0,Clothing,Stole,Credit Card
1206,B-25689,149.0,136.0,3.0,Clothing,Stole,UPI
1207,B-25786,44.0,-34.0,3.0,Clothing,Stole,Credit Card
1208,B-25897,33.0,10.0,3.0,Clothing,Hankerchief,COD
1209,B-26056,33.0,9.0,2.0,Clothing,Hankerchief,COD
1210,B-25855,442.0,31.0,2.0,Electronics,Electronic Games,UPI
1211,B-25667,41.0,6.0,5.0,Clothing,Skirt,Credit Card
1212,B-25701,33.0,-12.0,5.0,Clothing,Hankerchief,COD
1213,B-26046,32.0,3.0,8.0,Clothing,Hankerchief,COD
1214,B-25676,32.0,6.0,3.0,Clothing,Shirt,COD
1215,B-26045,179.0,77.0,1.0,Clothing,Saree,UPI
1216,B-25889,31.0,10.0,1.0,Clothing,Kurti,COD
1217,B-25900,140.0,68.0,5.0,Clothing,T-shirt,COD
1218,B-25685,529.0,137.0,3.0,Electronics,Phones,Debit Card
1219,B-25622,534.0,0.0,3.0,Clothing,Saree,Debit Card
1220,B-25709,41.0,-6.0,1.0,Furniture,Chairs,Credit Card
1221,B-25798,379.0,63.0,2.0,Clothing,Saree,COD
1222,B-25933,81.0,-44.0,3.0,Clothing,Stole,COD
1223,B-25793,40.0,-33.0,5.0,Clothing,Hankerchief,Credit Card
1224,B-25951,40.0,18.0,1.0,Electronics,Accessories,Credit Card
1225,B-25656,534.0,0.0,3.0,Clothing,Saree,Debit Card
1226,B-26056,31.0,9.0,2.0,Clothing,Hankerchief,COD
1227,B-25870,473.0,-113.0,9.0,Clothing,Hankerchief,UPI
1228,B-25690,31.0,-10.0,3.0,Clothing,Skirt,COD
1229,B-25702,31.0,-3.0,4.0,Clothing,Saree,COD
1230,B-25752,91.0,15.0,6.0,Clothing,T-shirt,UPI
1231,B-25781,30.0,-25.0,2.0,Clothing,T-shirt,COD
1232,B-26038,30.0,6.0,1.0,Clothing,T-shirt,COD
1233,B-25761,40.0,0.0,3.0,Clothing,Saree,Credit Card
1234,B-25751,534.0,5.0,2.0,Electronics,Electronic Games,Debit Card
1235,B-25750,539.0,-146.0,7.0,Furniture,Furnishings,Debit Card
1236,B-25726,490.0,-128.0,8.0,Furniture,Bookcases,UPI
1237,B-26048,163.0,81.0,2.0,Electronics,Accessories,COD
1238,B-26051,184.0,85.0,6.0,Clothing,T-shirt,UPI
1239,B-25614,494.0,54.0,4.0,Furniture,Bookcases,COD
1240,B-25907,30.0,11.0,5.0,Clothing,Hankerchief,COD
1241,B-25789,30.0,0.0,1.0,Clothing,Kurti,COD
1242,B-26097,39.0,-18.0,2.0,Clothing,Leggings,Credit Card
1243,B-25902,1700.0,85.0,3.0,Clothing,Trousers,COD
1244,B-25657,332.0,-43.0,6.0,Electronics,Phones,UPI
1245,B-25854,436.0,131.0,9.0,Clothing,Hankerchief,UPI
1246,B-25610,30.0,-5.0,2.0,Furniture,Furnishings,COD
1247,B-25733,30.0,-10.0,2.0,Clothing,Stole,COD
1248,B-25798,38.0,-13.0,3.0,Clothing,Stole,Credit Card
1249,B-25803,511.0,194.0,3.0,Furniture,Chairs,UPI
1250,B-25755,37.0,-53.0,3.0,Clothing,Saree,Credit Card
1251,B-25850,513.0,215.0,2.0,Electronics,Accessories,COD
1252,B-25667,516.0,69.0,4.0,Furniture,Bookcases,UPI
1253,B-25796,559.0,-19.0,2.0,Clothing,Trousers,Debit Card
1254,B-26013,29.0,-10.0,3.0,Clothing,Skirt,COD
1255,B-25683,148.0,52.0,5.0,Clothing,Stole,UPI
1256,B-26054,559.0,-174.0,2.0,Electronics,Electronic Games,Debit Card
1257,B-26010,527.0,26.0,3.0,Electronics,Electronic Games,COD
1258,B-25979,560.0,44.0,3.0,Clothing,Saree,Debit Card
1259,B-25973,571.0,108.0,12.0,Clothing,Stole,Debit Card
1260,B-25975,29.0,2.0,3.0,Clothing,Skirt,COD
1261,B-26010,29.0,3.0,2.0,Clothing,Stole,COD
1262,B-25767,29.0,-3.0,3.0,Clothing,Saree,COD
1263,B-25815,35.0,14.0,2.0,Clothing,Stole,Credit Card
1264,B-25853,579.0,139.0,3.0,Electronics,Printers,Debit Card
1265,B-25756,29.0,-24.0,4.0,Clothing,Leggings,COD
1266,B-25755,593.0,213.0,4.0,Furniture,Bookcases,Debit Card
1267,B-25996,217.0,72.0,2.0,Furniture,Furnishings,COD
1268,B-25619,353.0,90.0,8.0,Clothing,Saree,COD
1269,B-26050,382.0,92.0,2.0,Electronics,Printers,COD
1270,B-26000,597.0,93.0,4.0,Furniture,Chairs,Debit Card
1271,B-26058,212.0,97.0,7.0,Clothing,Hankerchief,COD
1272,B-25856,689.0,90.0,5.0,Clothing,Saree,COD
1273,B-26044,28.0,-10.0,3.0,Clothing,Skirt,COD
1274,B-25654,34.0,12.0,3.0,Clothing,Hankerchief,Credit Card
1275,B-26051,600.0,-102.0,5.0,Electronics,Electronic Games,Debit Card
1276,B-25636,637.0,113.0,5.0,Clothing,Saree,UPI
1277,B-25710,616.0,-69.0,7.0,Furniture,Furnishings,Debit Card
1278,B-25656,624.0,37.0,2.0,Electronics,Electronic Games,Debit Card
1279,B-25919,28.0,4.0,1.0,Clothing,T-shirt,COD
1280,B-25781,584.0,-444.0,7.0,Electronics,Printers,UPI
1281,B-25899,28.0,6.0,4.0,Clothing,Skirt,COD
1282,B-26093,33.0,-1.0,1.0,Clothing,Saree,Credit Card
1283,B-25753,27.0,-20.0,2.0,Clothing,Hankerchief,COD
1284,B-25858,27.0,5.0,2.0,Clothing,Skirt,COD
1285,B-25762,27.0,4.0,3.0,Clothing,Skirt,COD
1286,B-25625,635.0,-349.0,5.0,Clothing,Saree,Debit Card
1287,B-25857,598.0,166.0,4.0,Furniture,Bookcases,UPI
1288,B-25919,636.0,-204.0,2.0,Electronics,Printers,Debit Card
1289,B-25864,27.0,9.0,2.0,Clothing,Hankerchief,COD
1290,B-25698,27.0,-6.0,4.0,Clothing,Hankerchief,COD
1291,B-25959,637.0,212.0,8.0,Electronics,Phones,Debit Card
1292,B-26073,290.0,110.0,9.0,Clothing,Stole,UPI
1293,B-25649,27.0,-25.0,2.0,Clothing,Stole,COD
1294,B-25806,632.0,-114.0,4.0,Furniture,Tables,UPI
1295,B-25756,643.0,-45.0,2.0,Electronics,Printers,Debit Card
1296,B-26003,652.0,13.0,6.0,Furniture,Furnishings,Debit Card
1297,B-25752,33.0,-27.0,1.0,Furniture,Chairs,Credit Card
1298,B-25783,26.0,2.0,2.0,Clothing,Hankerchief,COD
1299,B-25802,633.0,-633.0,11.0,Electronics,Accessories,UPI
1300,B-25881,26.0,9.0,2.0,Clothing,Leggings,COD
1301,B-25898,191.0,93.0,4.0,Clothing,Shirt,UPI
1302,B-25696,887.0,80.0,3.0,Electronics,Printers,UPI
1303,B-25826,637.0,261.0,2.0,Electronics,Printers,COD
1304,B-25745,670.0,15.0,5.0,Furniture,Bookcases,Debit Card
1305,B-25943,26.0,7.0,4.0,Clothing,Hankerchief,COD
1306,B-26051,676.0,195.0,5.0,Furniture,Bookcases,Debit Card
1307,B-25624,26.0,12.0,3.0,Clothing,Hankerchief,COD
1308,B-25723,26.0,-24.0,1.0,Clothing,Stole,COD
1309,B-26052,25.0,7.0,2.0,Clothing,Stole,COD
1310,B-25603,24.0,-30.0,1.0,Furniture,Chairs,COD
1311,B-25983,32.0,-12.0,1.0,Furniture,Chairs,Credit Card
1312,B-25650,31.0,-2.0,2.0,Clothing,Saree,Credit Card
1313,B-25656,651.0,169.0,5.0,Electronics,Printers,COD
1314,B-26018,326.0,107.0,3.0,Furniture,Furnishings,UPI
1315,B-25783,30.0,-6.0,2.0,Clothing,Hankerchief,UPI
1316,B-25951,30.0,5.0,2.0,Clothing,Kurti,UPI
1317,B-25974,662.0,240.0,2.0,Furniture,Bookcases,COD
1318,B-25754,30.0,-23.0,2.0,Clothing,Saree,UPI
1319,B-26073,29.0,9.0,3.0,Clothing,Saree,UPI
1320,B-25796,28.0,1.0,1.0,Electronics,Accessories,UPI
1321,B-25653,28.0,-3.0,2.0,Clothing,Saree,UPI
1322,B-25884,24.0,2.0,4.0,Clothing,Hankerchief,COD
1323,B-25650,28.0,-26.0,2.0,Clothing,Stole,UPI
1324,B-26045,27.0,5.0,1.0,Clothing,Stole,UPI
1325,B-25672,27.0,-15.0,1.0,Clothing,Stole,UPI
1326,B-25949,24.0,11.0,3.0,Clothing,Hankerchief,COD
1327,B-25733,23.0,-6.0,4.0,Clothing,Hankerchief,COD
1328,B-25697,322.0,193.0,5.0,Electronics,Printers,COD
1329,B-25893,688.0,-103.0,6.0,Electronics,Accessories,Debit Card
1330,B-25802,23.0,-3.0,1.0,Clothing,Shirt,COD
1331,B-25961,26.0,3.0,3.0,Clothing,Skirt,UPI
1332,B-25751,68.0,-56.0,2.0,Electronics,Phones,COD
1333,B-25814,462.0,169.0,4.0,Clothing,Saree,COD
1334,B-25702,941.0,203.0,3.0,Furniture,Tables,UPI
1335,B-25896,23.0,4.0,2.0,Clothing,Skirt,COD
1336,B-25969,720.0,43.0,2.0,Electronics,Printers,UPI
1337,B-25778,724.0,-447.0,4.0,Electronics,Electronic Games,UPI
1338,B-25859,724.0,253.0,2.0,Furniture,Bookcases,UPI
1339,B-25810,26.0,10.0,4.0,Clothing,Hankerchief,UPI
1340,B-25616,22.0,-2.0,3.0,Clothing,Hankerchief,COD
1341,B-25633,711.0,-8.0,4.0,Clothing,Saree,Debit Card
1342,B-25753,107.0,31.0,5.0,Clothing,T-shirt,COD
1343,B-25764,765.0,-153.0,2.0,Electronics,Phones,Debit Card
1344,B-25864,22.0,8.0,2.0,Clothing,Leggings,COD
1345,B-25725,26.0,-5.0,2.0,Clothing,Stole,UPI
1346,B-25858,22.0,8.0,3.0,Clothing,Hankerchief,COD
1347,B-25817,743.0,89.0,5.0,Electronics,Printers,UPI
1348,B-25703,22.0,-15.0,4.0,Clothing,Kurti,COD
1349,B-25610,781.0,594.0,6.0,Electronics,Printers,Debit Card
1350,B-25652,25.0,-2.0,5.0,Clothing,Hankerchief,UPI
1351,B-25891,25.0,2.0,2.0,Clothing,Hankerchief,UPI
1352,B-25764,119.0,43.0,5.0,Clothing,T-shirt,COD
1353,B-25664,785.0,52.0,2.0,Electronics,Phones,Debit Card
1354,B-25645,183.0,-66.0,5.0,Electronics,Phones,UPI
1355,B-26008,22.0,4.0,1.0,Clothing,Stole,COD
1356,B-26061,642.0,180.0,5.0,Clothing,Saree,COD
1357,B-25781,767.0,-353.0,5.0,Clothing,Trousers,COD
1358,B-25999,770.0,323.0,3.0,Electronics,Accessories,COD
1359,B-25783,21.0,-17.0,3.0,Clothing,Shirt,COD
1360,B-25800,21.0,-6.0,3.0,Clothing,Leggings,COD
1361,B-26093,492.0,187.0,2.0,Electronics,Accessories,UPI
1362,B-25638,816.0,-96.0,3.0,Electronics,Printers,Debit Card
1363,B-26026,25.0,2.0,3.0,Clothing,Kurti,Credit Card
1364,B-25902,802.0,120.0,7.0,Electronics,Accessories,COD
1365,B-25968,811.0,154.0,7.0,Electronics,Accessories,UPI
1366,B-26099,835.0,267.0,5.0,Electronics,Phones,Debit Card
1367,B-25699,21.0,-5.0,1.0,Electronics,Accessories,COD
1368,B-26076,450.0,-190.0,4.0,Furniture,Bookcases,COD
1369,B-25793,24.0,-1.0,4.0,Clothing,Skirt,Credit Card
1370,B-25671,832.0,0.0,3.0,Clothing,Trousers,UPI
1371,B-26040,833.0,93.0,3.0,Clothing,Trousers,UPI
1372,B-26059,20.0,6.0,1.0,Clothing,T-shirt,COD
1373,B-25725,23.0,-5.0,7.0,Clothing,Hankerchief,Credit Card
1374,B-25855,550.0,-242.0,5.0,Furniture,Furnishings,UPI
1375,B-25738,148.0,-91.0,2.0,Electronics,Phones,COD
1376,B-25899,846.0,9.0,2.0,Furniture,Chairs,Debit Card
1377,B-25608,856.0,385.0,6.0,Electronics,Printers,COD
1378,B-25904,871.0,131.0,2.0,Furniture,Bookcases,UPI
1379,B-26056,19.0,-18.0,4.0,Clothing,Kurti,COD
1380,B-25669,610.0,-66.0,2.0,Furniture,Tables,COD
1381,B-25638,880.0,97.0,8.0,Furniture,Furnishings,Debit Card
1382,B-25953,22.0,-8.0,4.0,Clothing,Hankerchief,Credit Card
1383,B-25841,22.0,11.0,2.0,Clothing,Skirt,Credit Card
1384,B-26071,21.0,4.0,3.0,Clothing,Hankerchief,Credit Card
1385,B-25793,18.0,1.0,3.0,Clothing,Hankerchief,COD
1386,B-25813,911.0,202.0,7.0,Furniture,Chairs,COD
1387,B-26010,18.0,2.0,3.0,Clothing,Hankerchief,COD
1388,B-25825,911.0,355.0,5.0,Electronics,Phones,Debit Card
1389,B-25630,143.0,-129.0,2.0,Electronics,Phones,COD
1390,B-25986,918.0,22.0,9.0,Electronics,Electronic Games,COD
1391,B-25650,925.0,-447.0,5.0,Electronics,Electronic Games,COD
1392,B-26078,17.0,8.0,2.0,Clothing,Skirt,COD
1393,B-25890,465.0,207.0,9.0,Clothing,Saree,COD
1394,B-25691,17.0,-9.0,3.0,Clothing,Stole,COD
1395,B-25952,935.0,114.0,4.0,Electronics,Electronic Games,UPI
1396,B-25651,16.0,-10.0,2.0,Clothing,T-shirt,COD
1397,B-25955,954.0,95.0,3.0,Electronics,Printers,UPI
1398,B-25898,915.0,-99.0,3.0,Furniture,Tables,Debit Card
1399,B-25838,955.0,305.0,3.0,Electronics,Printers,Debit Card
1400,B-25797,976.0,293.0,4.0,Electronics,Accessories,COD
1401,B-25738,1069.0,0.0,6.0,Clothing,Saree,EMI
1402,B-25661,19.0,-15.0,3.0,Clothing,Hankerchief,Credit Card
1403,B-25997,16.0,6.0,3.0,Clothing,Hankerchief,COD
1404,B-25667,1030.0,206.0,8.0,Electronics,Printers,UPI
1405,B-25753,620.0,82.0,6.0,Electronics,Accessories,COD
1406,B-25848,16.0,8.0,2.0,Clothing,Hankerchief,COD
1407,B-26097,19.0,8.0,2.0,Clothing,Hankerchief,Credit Card
1408,B-25633,249.0,-130.0,4.0,Electronics,Phones,UPI
1409,B-25807,16.0,6.0,1.0,Clothing,Stole,COD
1410,B-25752,1361.0,197.0,9.0,Furniture,Bookcases,COD
1411,B-26052,15.0,1.0,1.0,Clothing,Shirt,COD
1412,B-25610,1076.0,-38.0,4.0,Electronics,Printers,COD
1413,B-25888,18.0,2.0,3.0,Clothing,Hankerchief,Credit Card
1414,B-25937,1101.0,352.0,3.0,Furniture,Bookcases,UPI
1415,B-25828,15.0,2.0,1.0,Clothing,Leggings,COD
1416,B-26048,1104.0,209.0,4.0,Clothing,Trousers,UPI
1417,B-25670,14.0,2.0,1.0,Clothing,Hankerchief,COD
1418,B-25757,14.0,5.0,1.0,Clothing,Hankerchief,COD
1419,B-25751,14.0,-3.0,2.0,Clothing,Leggings,COD
1420,B-25687,14.0,-1.0,4.0,Clothing,Kurti,COD
1421,B-25710,13.0,-8.0,1.0,Clothing,T-shirt,COD
1422,B-25656,13.0,-1.0,3.0,Clothing,Hankerchief,COD
1423,B-25601,1275.0,1148.0,7.0,Furniture,Bookcases,EMI
1424,B-26053,17.0,1.0,2.0,Clothing,Skirt,Credit Card
1425,B-26001,13.0,0.0,2.0,Clothing,Hankerchief,COD
1426,B-25964,1270.0,546.0,11.0,Electronics,Electronic Games,EMI
1427,B-26062,13.0,-2.0,1.0,Clothing,Stole,COD
1428,B-25982,13.0,3.0,1.0,Clothing,Leggings,COD
1429,B-25864,17.0,5.0,1.0,Clothing,Hankerchief,UPI
1430,B-25693,13.0,-13.0,2.0,Clothing,Skirt,COD
1431,B-25802,13.0,-9.0,2.0,Clothing,Skirt,COD
1432,B-25676,1263.0,-56.0,5.0,Clothing,Trousers,EMI
1433,B-25639,1629.0,-153.0,3.0,Electronics,Phones,COD
1434,B-25757,17.0,7.0,3.0,Clothing,Hankerchief,UPI
1435,B-26003,17.0,2.0,2.0,Clothing,Skirt,UPI
1436,B-26055,1250.0,-12.0,2.0,Electronics,Printers,EMI
1437,B-25786,17.0,-11.0,3.0,Clothing,Skirt,UPI
1438,B-25919,977.0,-244.0,7.0,Electronics,Phones,COD
1439,B-25894,1246.0,62.0,3.0,Furniture,Bookcases,EMI
1440,B-25979,12.0,1.0,2.0,Clothing,Hankerchief,COD
1441,B-25651,11.0,-4.0,2.0,Clothing,Skirt,COD
1442,B-25653,1327.0,318.0,8.0,Furniture,Chairs,EMI
1443,B-25855,1319.0,567.0,5.0,Electronics,Printers,COD
1444,B-25793,1402.0,109.0,11.0,Clothing,Saree,EMI
1445,B-26073,1514.0,742.0,4.0,Electronics,Printers,EMI
1446,B-25881,1351.0,111.0,6.0,Electronics,Electronic Games,COD
1447,B-25603,1355.0,-60.0,5.0,Clothing,Trousers,COD
1448,B-25851,10.0,2.0,2.0,Clothing,Hankerchief,COD
1449,B-25883,10.0,-2.0,2.0,Clothing,Leggings,COD
1450,B-25768,1582.0,-443.0,6.0,Clothing,Trousers,EMI
1451,B-25953,1218.0,352.0,9.0,Furniture,Bookcases,EMI
1452,B-25755,321.0,315.0,5.0,Clothing,Saree,UPI
1453,B-26057,736.0,346.0,5.0,Electronics,Printers,COD
1454,B-26055,1218.0,-420.0,8.0,Furniture,Bookcases,COD
1455,B-25855,1027.0,441.0,8.0,Clothing,Saree,COD
1456,B-25989,10.0,5.0,1.0,Clothing,Stole,COD
1457,B-26099,2366.0,552.0,5.0,Clothing,Trousers,UPI
1458,B-25652,9.0,-6.0,2.0,Clothing,Hankerchief,COD
1459,B-25723,16.0,-12.0,2.0,Clothing,Stole,UPI
1460,B-26099,9.0,3.0,1.0,Clothing,Skirt,COD
1461,B-25629,1560.0,421.0,3.0,Clothing,Trousers,COD
1462,B-25877,1137.0,568.0,2.0,Clothing,Trousers,EMI
1463,B-25767,9.0,-9.0,2.0,Clothing,Kurti,COD
1464,B-25735,15.0,-7.0,1.0,Clothing,Hankerchief,UPI
1465,B-26097,14.0,5.0,1.0,Clothing,Hankerchief,UPI
1466,B-26070,14.0,7.0,2.0,Clothing,Hankerchief,UPI
1467,B-25752,8.0,-2.0,2.0,Clothing,Hankerchief,COD
1468,B-25656,1389.0,680.0,7.0,Clothing,Saree,COD
1469,B-25748,8.0,-1.0,2.0,Clothing,Leggings,COD
1470,B-25758,8.0,-2.0,1.0,Clothing,Stole,COD
1471,B-25950,13.0,4.0,1.0,Clothing,Leggings,UPI
1472,B-25707,8.0,-6.0,1.0,Clothing,Stole,COD
1473,B-25909,12.0,2.0,2.0,Clothing,Skirt,Credit Card
1474,B-25955,1716.0,309.0,7.0,Electronics,Accessories,COD
1475,B-26023,1117.0,447.0,10.0,Furniture,Bookcases,EMI
1476,B-25655,9.0,-6.0,2.0,Clothing,Skirt,Credit Card
1477,B-25686,332.0,503.0,3.0,Electronics,Printers,COD
1478,B-25655,7.0,-4.0,3.0,Clothing,Hankerchief,COD
1479,B-25601,8.0,-2.0,3.0,Clothing,Hankerchief,Credit Card
1480,B-25862,2061.0,701.0,5.0,Furniture,Bookcases,UPI
1481,B-25626,1103.0,276.0,3.0,Furniture,Chairs,EMI
1482,B-25823,2103.0,322.0,8.0,Electronics,Electronic Games,UPI
1483,B-25881,2115.0,23.0,5.0,Furniture,Chairs,COD
1484,B-25910,850.0,-289.0,5.0,Electronics,Electronic Games,COD
1485,B-25830,1063.0,64.0,7.0,Electronics,Phones,EMI
1486,B-25978,1063.0,-175.0,4.0,Electronics,Electronic Games,EMI
1487,B-25997,2292.0,127.0,7.0,Furniture,Bookcases,COD
1488,B-25661,7.0,-1.0,2.0,Clothing,Hankerchief,Credit Card
1489,B-25969,2452.0,191.0,7.0,Furniture,Bookcases,UPI
1490,B-25858,2457.0,665.0,11.0,Electronics,Electronic Games,EMI
1491,B-25697,4.0,-3.0,1.0,Clothing,Skirt,Credit Card
1492,B-25798,2830.0,-1981.0,13.0,Furniture,Bookcases,EMI
1493,B-25873,7.0,1.0,1.0,Clothing,Hankerchief,COD
1494,B-25740,7.0,0.0,2.0,Clothing,Skirt,COD
1495,B-25700,7.0,-3.0,2.0,Clothing,Hankerchief,COD
1496,B-25757,3151.0,-35.0,7.0,Clothing,Trousers,EMI
1497,B-25973,4141.0,1698.0,13.0,Electronics,Printers,COD
1498,B-25698,7.0,-2.0,1.0,Clothing,Hankerchief,COD
1499,B-25993,4363.0,305.0,5.0,Furniture,Tables,EMI
